camp_id,camp_name,audience,language,shot_number,timecode,visual_description,on_screen_text,narration_line,gamma_prompt
CAMP01,My Big Project — Going Deeper Camp,Gifted 4th Grader,EN,1,0:00–0:06,"Close-up: a girl's hand closing a finished homework folder on a kitchen table. The paper has checkmarks. She pushes it aside.",,(none),"Close-up of a young girl's hand closing a finished homework folder on a kitchen table, warm evening light, cozy NCW home setting, photorealistic"
CAMP01,My Big Project — Going Deeper Camp,Gifted 4th Grader,EN,2,0:06–0:11,"Pull back: Sophia (age 9, brown hair) stares out a window. A small stuffed wolf sits on the windowsill.",,And she's already bored.,"Young girl age 9 staring thoughtfully out a window at dusk, small toy wolf on windowsill, warm amber light, photorealistic"
CAMP01,My Big Project — Going Deeper Camp,Gifted 4th Grader,EN,3,0:11–0:18,Sophia turns to her laptop. Types something. Her face shifts from restless to curious.,,But Sophia didn't scroll her phone. She had a question.,"Young girl at kitchen table laptop, typing with focused curious expression, soft warm light, NCW home, photorealistic shallow depth of field"
CAMP01,My Big Project — Going Deeper Camp,Gifted 4th Grader,EN,4,0:18–0:28,"Screen insert: Gemini chat. Prompt: 'Ask me questions. Don't give me the answers. Those are mine.' AI responds with 5 questions.","""Ask me questions. The answers are mine.""",She told it: Ask me questions. Don't give me the answers. Those are mine.,"Laptop screen close-up showing a child's typed prompt in a Gemini-style AI chat interface, warm screen glow, photorealistic"
CAMP01,My Big Project — Going Deeper Camp,Gifted 4th Grader,EN,5,0:28–0:42,"Montage — 3 quick cuts: (1) Sophia writing in a notebook. (2) Sophia at library pulling a wolf book. (3) Sophia reading an email reply on phone.",She checked it herself.,She answered every one in her own words. She emailed the Washington Wolf Project. She went to the library.,"Young girl at a public library pulling a book from the shelf, warm library light, genuine and unstaged, photorealistic"
CAMP01,My Big Project — Going Deeper Camp,Gifted 4th Grader,EN,6,0:42–0:55,"Sophia gluing photos to a poster board. Hand-drawn wolf. Colored pencils scattered. She holds it up — proud.",The ideas are hers.,She built a poster. Sophia's AI did the hard searching. Sophia did the thinking.,"Young girl proudly holding up a homemade poster about wolves, hand-drawn illustrations, colored pencils on table, warm kitchen light"
CAMP01,My Big Project — Going Deeper Camp,Gifted 4th Grader,EN,7,0:55–1:05,"Charlotte/Tina avatar — warm, direct to camera. Simple classroom background.",That's the rule.,"That's the rule. That's the camp.","Friendly female teacher in her 30s speaking directly to camera in a warm classroom setting, photorealistic"
CAMP01,My Big Project — Going Deeper Camp,Gifted 4th Grader,EN,8,1:05–1:20,"Wide shot: diverse classroom — several kids at Chromebooks, teacher circling. Handwritten sign: 'AI asks. YOU think.'",For every kid who finishes early and wants more.,For kids like Sophia — and the gifted student in your classroom —,"Wide shot of a diverse elementary classroom, students at Chromebooks engaged individually, teacher walking among them, handwritten sign on wall"
CAMP01,My Big Project — Going Deeper Camp,Gifted 4th Grader,EN,9,1:20–1:30,Final card: dark forest-green background. AiGovOps + NCW logos. CTA text + QR code.,Sign the pledge → aigovops-foundation.github.io/aigovops-ncw-ai-camp,Sign the pledge at aigovops-foundation.github.io/aigovops-ncw-ai-camp,"Minimalist title card, dark forest-green background, white sans-serif typography, logos, QR code"
CAMP01,Mi Gran Proyecto — Campamento de Profundidad,Gifted 4th Grader,ES,1,0:00–0:06,"Primer plano: la mano de una niña cerrando una carpeta de tarea terminada en la mesa de la cocina.",,(ninguno),"Close-up of a young girl's hand closing a finished homework folder on a kitchen table, warm evening light, cozy NCW home setting, photorealistic"
CAMP01,Mi Gran Proyecto — Campamento de Profundidad,Gifted 4th Grader,ES,2,0:06–0:11,"Sofía (9 años) mira por la ventana. Un pequeño lobo de peluche en el alféizar.",,Y apenas es martes.,"Young girl age 9 staring thoughtfully out a window at dusk, small toy wolf on windowsill, warm amber light, photorealistic"
CAMP01,Mi Gran Proyecto — Campamento de Profundidad,Gifted 4th Grader,ES,3,0:11–0:18,Sofía se voltea hacia la computadora. Teclea. Su cara cambia de inquieta a curiosa.,,Pero Sofía no agarró el teléfono. Tenía una pregunta que la picaba.,"Young girl at kitchen table laptop, typing with focused curious expression, soft warm light, NCW home, photorealistic"
CAMP01,Mi Gran Proyecto — Campamento de Profundidad,Gifted 4th Grader,ES,4,0:18–0:28,"Pantalla: chat de Gemini. Prompt: 'Hazme preguntas. No me des las respuestas. Esas son mías.'","""Hazme preguntas. Las respuestas son mías.""",Le dijo: Hazme preguntas. No me des las respuestas. Esas son mías.,"Laptop screen close-up showing a child's typed prompt in Gemini-style AI chat, warm screen glow"
CAMP01,Mi Gran Proyecto — Campamento de Profundidad,Gifted 4th Grader,ES,5,0:28–0:42,"Montaje: (1) Sofía escribiendo en un cuaderno. (2) En la biblioteca tomando un libro. (3) Leyendo un correo.",Ella lo verificó sola.,"Las respondió todas. Le mandó un correo al Washington Wolf Project. Fue a la biblioteca.","Young girl at a public library pulling a book from the shelf, warm library light, photorealistic"
CAMP01,Mi Gran Proyecto — Campamento de Profundidad,Gifted 4th Grader,ES,6,0:42–0:55,"Sofía pegando fotos en un cartel. Lobo dibujado a mano. Crayones esparcidos. Lo sostiene — orgullosa.",Las ideas son de ella.,Hizo un cartel. La IA hizo la búsqueda. Sofía hizo el pensar.,"Young girl holding up a homemade poster about wolves, hand-drawn illustrations, warm kitchen light"
CAMP01,Mi Gran Proyecto — Campamento de Profundidad,Gifted 4th Grader,ES,7,0:55–1:05,Avatar narradora — cálida y directa a cámara.,Esa es la regla.,"Esa es la regla. Ese es el campamento.","Friendly female teacher speaking directly to camera, warm classroom background, photorealistic"
CAMP01,Mi Gran Proyecto — Campamento de Profundidad,Gifted 4th Grader,ES,8,1:05–1:20,"Salón diverso — niños en Chromebooks, maestra circulando.",Para cada niño que termina primero y quiere más.,Para los niños como Sofía — y el estudiante brillante de su salón —,"Wide shot of a diverse elementary classroom, students at Chromebooks, teacher walking, handwritten sign on wall"
CAMP01,Mi Gran Proyecto — Campamento de Profundidad,Gifted 4th Grader,ES,9,1:20–1:30,Tarjeta final: fondo verde oscuro. Logos. URL. Código QR.,Firma la promesa → aigovops-foundation.github.io/aigovops-ncw-ai-camp,Firma la promesa en aigovops-foundation.github.io/aigovops-ncw-ai-camp,"Minimalist title card, dark forest-green, white sans-serif type, logos, QR code"
CAMP02,The Go Deeper Lab,Gifted 8th Grader,EN,1,0:00–0:07,"Close-up: a boy's hand sliding a finished worksheet across a desk. Clock on wall: 22 minutes in. Rest of class still working.",,(none),"Close-up of a teenager's hand pushing a finished worksheet aside, classroom clock on wall, other students still working, photorealistic"
CAMP02,The Go Deeper Lab,Gifted 8th Grader,EN,2,0:07–0:14,"Marcus (age 13) slumped slightly, phone under desk, clearly disengaged.",That's a waste.,So he scrolls. Every. Single. Time.,"13-year-old boy looking bored at school desk, phone slightly visible, unfocused expression, warm classroom light"
CAMP02,The Go Deeper Lab,Gifted 8th Grader,EN,3,0:14–0:26,"Marcus at home — three browser tabs: ChatGPT, Claude, Gemini. He's reading carefully. Expression: genuinely interested.",Three AIs. One question. They disagreed.,He opened three tabs. Same question. They disagreed on the evidence.,"Teenage boy at desk with three browser tabs on laptop showing different AI interfaces, leaning forward, warm desk lamp light"
CAMP02,The Go Deeper Lab,Gifted 8th Grader,EN,4,0:26–0:38,"Screen insert: Marcus's notes — handwritten. 'What they disagreed on:' Two bullet points. His pen circling one.",Where they disagree is where the truth hides.,That disagreement? That's where the real question lives.,"Close-up of handwritten notes on notebook paper, a pen circling key text, warm desk light"
CAMP02,The Go Deeper Lab,Gifted 8th Grader,EN,5,0:38–0:52,"Marcus with a printed journal article — highlighter in hand. Reading, not skimming.",He read the actual study.,He read the actual study they cited. He wrote his argument in his own voice.,"Teenage boy reading a printed research paper at desk, yellow highlighter in hand, focused expression, warm natural light"
CAMP02,The Go Deeper Lab,Gifted 8th Grader,EN,6,0:52–1:04,"Screen insert: his draft with Gemini critique below. His hand selecting a weak paragraph.","""Be a tough judge. Name my weakest points.""","Be a tough debate judge. Tell me my three weakest points. Don't fix them — just name them.","Laptop screen showing a draft essay with AI critique notes, a hand on trackpad selecting text"
CAMP02,The Go Deeper Lab,Gifted 8th Grader,EN,7,1:04–1:14,"Wide: Marcus at his desk, relaxed, typing confidently. NCW mountains through window.",Not skipping. Going further.,That's not using AI to skip. That's going further than the class ever went.,"Teenage boy typing confidently at desk, NCW mountain landscape through window, golden afternoon light"
CAMP02,The Go Deeper Lab,Gifted 8th Grader,EN,8,1:14–1:25,Mateo avatar — direct to camera. Warm. Brief.,The Go Deeper Lab.,The Go Deeper Lab.,"Warm Latino male in his 30s speaking directly to camera, professional but conversational, clean background"
CAMP02,The Go Deeper Lab,Gifted 8th Grader,EN,9,1:25–1:40,Final CTA card.,Sign the pledge → aigovops-foundation.github.io/aigovops-ncw-ai-camp,Sign the pledge at aigovops-foundation.github.io/aigovops-ncw-ai-camp,"Minimalist title card, dark green, white type, logos"
CAMP02,El Laboratorio de Profundidad,Gifted 8th Grader,ES,1,0:00–0:07,"Primer plano: la mano de Marco deslizando una hoja terminada. Reloj: 22 minutos. Los demás siguen trabajando.",,(ninguno),"Close-up of a teenager's hand pushing a finished worksheet aside, classroom clock on wall, photorealistic"
CAMP02,El Laboratorio de Profundidad,Gifted 8th Grader,ES,2,0:07–0:14,"Marco (13 años) recargado, teléfono bajo el escritorio.",Eso es tirar a Marco a la basura.,Y él se queda mirando el teléfono. Cada. Vez.,"13-year-old boy looking bored at school desk, phone visible, warm classroom light"
CAMP02,El Laboratorio de Profundidad,Gifted 8th Grader,ES,3,0:14–0:26,"Marco en casa — tres ventanas: ChatGPT, Claude, Gemini. Leyendo con cuidado.",Tres IAs. Una pregunta. No se pusieron de acuerdo.,"Abrió tres ventanas, la misma pregunta. No se pusieron de acuerdo en la evidencia.","Teenage boy at desk with three AI browser tabs open on laptop, leaning forward, warm desk lamp"
CAMP02,El Laboratorio de Profundidad,Gifted 8th Grader,ES,4,0:26–0:38,"Pantalla: notas de Marco a mano. 'En lo que no coincidieron:' Dos puntos. Su pluma circulando uno.",En el desacuerdo está la pregunta de verdad.,Justo en ese desacuerdo estaba la pregunta de verdad.,"Handwritten notes on notebook paper, pen circling key text, warm desk light"
CAMP02,El Laboratorio de Profundidad,Gifted 8th Grader,ES,5,0:38–0:52,"Marco con un artículo impreso — marcatextos en mano. Leyendo de verdad.",Leyó el estudio de a deveras.,Leyó el estudio de verdad. Escribió su argumento con sus propias palabras.,"Teenage boy reading a printed research paper with highlighter, focused, warm natural light"
CAMP02,El Laboratorio de Profundidad,Gifted 8th Grader,ES,6,0:52–1:04,"Pantalla: su borrador con crítica de Gemini abajo. Su mano seleccionando un párrafo débil.","""Nómbralos. No los arregles.""","Sé un juez duro. Dime mis tres puntos más débiles. No los arregles.","Laptop screen showing draft essay with AI critique notes, hand on trackpad"
CAMP02,El Laboratorio de Profundidad,Gifted 8th Grader,ES,7,1:04–1:14,"Marco en su escritorio, tecleando con seguridad. Montañas de NCW por la ventana.",No es hacer trampa. Es llegar más lejos.,Eso no es usar la IA para hacerse tonto. Es llegar más lejos que cualquiera en la clase.,"Teenage boy typing confidently at desk, NCW mountains through window, golden afternoon light"
CAMP02,El Laboratorio de Profundidad,Gifted 8th Grader,ES,8,1:14–1:25,Avatar narrador — cálido y directo a cámara.,El Laboratorio de Profundidad.,El Laboratorio de Profundidad.,"Warm Latino male speaking to camera, professional, clean background"
CAMP02,El Laboratorio de Profundidad,Gifted 8th Grader,ES,9,1:25–1:40,Tarjeta final.,Firma la promesa → aigovops-foundation.github.io/aigovops-ncw-ai-camp,Firma la promesa en aigovops-foundation.github.io/aigovops-ncw-ai-camp,"Minimalist title card, dark green, white type"
CAMP03,Building Original Work in an AI-Saturated World,Gifted 12th Grader,EN,1,0:00–0:08,"Wide: senior classroom. Multiple students with AI chatbots visible. Becca in foreground — THREE tabs open.",Everyone is using AI.,Everyone in Becca's class is using AI. The question isn't whether she will.,"High school classroom, multiple students on laptops, one girl with three browser tabs, warm natural light, documentary"
CAMP03,Building Original Work in an AI-Saturated World,Gifted 12th Grader,EN,2,0:08–0:17,"Close-up: Becca's face reading three AI responses. Expression: analytical. Pen tapping.",The question is: how.,The question is: how.,"High school senior reading multiple AI responses on laptop, analytical expression, pen in hand, warm light"
CAMP03,Building Original Work in an AI-Saturated World,Gifted 12th Grader,EN,3,0:17–0:32,"Screen insert: three AI chat windows, same prompt. Responses differ. Cursor highlights a disagreement.",Three AIs. Same question. Different answers.,She opened Gemini, Claude, ChatGPT — and asked each for the strongest case against her position.,"Laptop screen split showing three AI interfaces with similar prompts, cursor highlighting discrepancy"
CAMP03,Building Original Work in an AI-Saturated World,Gifted 12th Grader,EN,4,0:32–0:44,"Becca with printed papers — journal article, highlighter, sticky notes. Cross-referencing.",She read the actual studies.,She read what they agreed on. She read what they disagreed on. Then the actual studies.,"High school girl at desk with printed research papers, sticky notes, highlighter, warm library light"
CAMP03,Building Original Work in an AI-Saturated World,Gifted 12th Grader,EN,5,0:44–0:55,"Close-up: lined notebook, hand-written outline. No laptop. Her handwriting clear and confident.",Outline: no AI in this step.,She hand-wrote her outline. No AI in that step.,"Close-up of a handwritten essay outline in a lined notebook, pen actively writing, no screens"
CAMP03,Building Original Work in an AI-Saturated World,Gifted 12th Grader,EN,6,0:55–1:10,"Montage — 2 cuts: (1) Becca typing, engaged. (2) Gemini critique on screen — she opens her doc to edit.",Her voice. Her rewrites.,She drafted in her voice. Three rounds of critic feedback. Three rounds of her own rewrites.,"High school girl typing at laptop, split with screen showing AI feedback she responds to"
CAMP03,Building Original Work in an AI-Saturated World,Gifted 12th Grader,EN,7,1:10–1:22,"Close-up: her document footer: 'I used Gemini, Claude, and ChatGPT for opposition research. I wrote every sentence.'",The receipt. The proof.,"When she turned it in, she added a footer. 'I used AI for opposition research. I wrote every sentence.'","Close-up of a Word document footer showing an AI disclosure statement, warm document lighting"
CAMP03,Building Original Work in an AI-Saturated World,Gifted 12th Grader,EN,8,1:22–1:34,Jackson avatar — serious but warm. Slight lean forward.,That's not embarrassing. That's professional.,"That's not embarrassing. That's professional.","Professional adult male speaking to camera, serious but approachable expression, warm clean background"
CAMP03,Building Original Work in an AI-Saturated World,Gifted 12th Grader,EN,9,1:34–1:55,Final CTA card.,Sign the pledge → aigovops-foundation.github.io/aigovops-ncw-ai-camp,Sign the pledge at aigovops-foundation.github.io/aigovops-ncw-ai-camp,"Minimalist title card, dark green, white type, logos"
CAMP03,Trabajo Original en un Mundo Saturado de IA,Gifted 12th Grader,ES,1,0:00–0:08,"Salón de preparatoria. Varios estudiantes con chatbots. Rebeca en primer plano — TRES ventanas abiertas.",Todos usan IA.,Todos en la clase de Rebeca están usando IA. La pregunta no es si va a usarla.,"High school classroom, students on laptops, one girl with three browser tabs, warm natural light"
CAMP03,Trabajo Original en un Mundo Saturado de IA,Gifted 12th Grader,ES,2,0:08–0:17,"Primer plano: cara de Rebeca leyendo tres respuestas de IA. Expresión analítica. Bolígrafo en mano.",La pregunta es: cómo.,La pregunta es: cómo.,"High school senior reading multiple AI responses on laptop, analytical expression, pen in hand"
CAMP03,Trabajo Original en un Mundo Saturado de IA,Gifted 12th Grader,ES,3,0:17–0:32,"Pantalla: tres ventanas de IA, el mismo prompt. Las respuestas difieren. El cursor marca un desacuerdo.",Tres IAs. La misma pregunta. Respuestas distintas.,Abrió tres IAs y le pidió a cada una el argumento más fuerte en contra de su postura.,"Laptop screen showing three AI interfaces with similar prompts, cursor on discrepancy"
CAMP03,Trabajo Original en un Mundo Saturado de IA,Gifted 12th Grader,ES,4,0:32–0:44,"Rebeca con artículos impresos — marcatextos, notas adhesivas. Cruzando referencias.",Leyó los estudios de verdad.,Leyó en lo que coincidían y en lo que no. Luego los estudios originales.,"High school girl at desk with printed research papers, sticky notes, highlighter, warm light"
CAMP03,Trabajo Original en un Mundo Saturado de IA,Gifted 12th Grader,ES,5,0:44–0:55,"Primer plano: cuaderno. Esquema escrito a mano. Sin computadora. Letra clara.",Esquema: sin IA en este paso.,Su esquema lo hizo a mano. Sin IA en ese paso.,"Close-up of handwritten essay outline in a notebook, pen writing, no screens"
CAMP03,Trabajo Original en un Mundo Saturado de IA,Gifted 12th Grader,ES,6,0:55–1:10,"Montaje: (1) Rebeca teclando, concentrada. (2) Crítica de Gemini — ella abre su documento para editar.",Su voz. Sus correcciones.,Redactó con su propia voz. Tres rondas de crítica. Tres rondas de sus propias correcciones.,"High school girl typing at laptop, split with AI feedback screen she responds to"
CAMP03,Trabajo Original en un Mundo Saturado de IA,Gifted 12th Grader,ES,7,1:10–1:22,"Primer plano: pie de página del documento: 'Usé Gemini, Claude y ChatGPT para contraargumentos. Yo escribí cada oración.'",El rastro. La prueba.,"Cuando entregó, puso una nota al pie: 'Usé IA para investigar. Yo escribí cada oración.'","Close-up of Google Doc footer showing AI disclosure statement, warm document lighting"
CAMP03,Trabajo Original en un Mundo Saturado de IA,Gifted 12th Grader,ES,8,1:22–1:34,Avatar narrador — serio pero cálido.,Eso no es vergonzoso. Es profesional.,"Eso no es vergonzoso. Es profesional.","Professional adult male speaking to camera, serious but approachable, warm clean background"
CAMP03,Trabajo Original en un Mundo Saturado de IA,Gifted 12th Grader,ES,9,1:34–1:55,Tarjeta final.,Firma la promesa → aigovops-foundation.github.io/aigovops-ncw-ai-camp,Firma la promesa en aigovops-foundation.github.io/aigovops-ncw-ai-camp,"Minimalist title card, dark green, white type, logos"
CAMP04,My Helper Camp,Challenged 4th Grader,EN,1,0:00–0:08,"Close-up: Diego's face looking down at a page of text. Eyes moving slowly. Biting his lip — working, not frustrated.",,(none),"Close-up portrait of a young Latino boy age 9 looking down at a book page, concentrating expression, warm soft classroom light"
CAMP04,My Helper Camp,Challenged 4th Grader,EN,2,0:08–0:14,"Pull back: Diego at a small desk, surrounded by classmates moving faster. Still on page one.",That happens — even to really smart kids.,They go too fast. That happens — even to really smart kids.,"Elementary student at desk slightly behind classmates, warm classroom light, empathetic framing"
CAMP04,My Helper Camp,Challenged 4th Grader,EN,3,0:14–0:27,"Diego at home, tablet propped on kitchen table. Talking to it (mic icon visible). Parent at sink visible but not hovering.","""Use small words. Use an example with cookies.""","He opened Gemini and talked to it. 'I'm nine. Help me with long division. Use an example with cookies.'","Young Latino boy talking to a tablet at a kitchen table, parent visible in background, warm evening home light"
CAMP04,My Helper Camp,Challenged 4th Grader,EN,4,0:27–0:40,"Screen insert: AI chat showing 'Imagine you have 12 cookies…' with a small cookie icon. Diego points at screen.","""Imagine you have 12 cookies…""","Gemini said: 'Imagine you have 12 cookies…' Diego understood the cookies version.","Tablet screen showing child-friendly AI explanation with cookie emoji, child's finger pointing at screen"
CAMP04,My Helper Camp,Challenged 4th Grader,EN,5,0:40–0:52,"Diego trying a problem on paper. Gets it wrong. Erases. Tries again. Gets it right. A small surprised smile.",He tried. He got it wrong. He tried again.,He tried a problem himself. Got it wrong the first time. He asked again. He got it right.,"Young boy writing math on paper, erasing, rewriting, then a small smile, warm kitchen light"
CAMP04,My Helper Camp,Challenged 4th Grader,EN,6,0:52–1:02,"Close-up: a colorful star sticker being pressed onto a folder. Diego's small hand.",His sticker. His win.,He put a sticker on his folder. Not because the AI got it right. Because he got it right.,"Close-up of a child's hand pressing a star sticker onto a colorful folder, warm light, joyful gesture"
CAMP04,My Helper Camp,Challenged 4th Grader,EN,7,1:02–1:15,Tina avatar — very warm. Direct to camera. Speaks to the child as much as to the adult.,The helper helps. You do the work.,"The helper is patient. The helper is kind. The helper never does the work for you.","Friendly female teacher speaking directly to camera, warm smile, inclusive and reassuring, classroom background"
CAMP04,My Helper Camp,Challenged 4th Grader,EN,8,1:15–1:30,Final CTA card.,Sign the pledge → aigovops-foundation.github.io/aigovops-ncw-ai-camp,Sign the pledge at aigovops-foundation.github.io/aigovops-ncw-ai-camp,"Minimalist title card, dark green, white type, QR code"
CAMP04,Mi Campamento de Ayuda,Challenged 4th Grader,ES,1,0:00–0:08,"Primer plano: cara de Diego mirando una página. Sus ojos van despacio. Se muerde el labio — trabajando.",,(ninguno),"Close-up portrait of a young Latino boy age 9 looking at a book page, concentrating, warm soft classroom light"
CAMP04,Mi Campamento de Ayuda,Challenged 4th Grader,ES,2,0:08–0:14,"Diego en su escritorio. Sus compañeros avanzan más rápido. Él sigue en la primera página.",Eso pasa — hasta a los niños muy listos.,Van muy rápido. Eso pasa — hasta a los niños muy listos.,"Elementary student at desk, classmates ahead, warm classroom light, empathetic"
CAMP04,Mi Campamento de Ayuda,Challenged 4th Grader,ES,3,0:14–0:27,"Diego en casa, tableta en la mesa de la cocina. Le habla (ícono de mic). Mamá al fondo lavando.","""Usa palabras fáciles. Ponme un ejemplo con galletas.""","Abrió Gemini y le habló. 'Tengo nueve años. Ayúdame con la división. Ponme un ejemplo con galletas.'","Young Latino boy talking to a tablet at a kitchen table, parent in background, warm evening home light"
CAMP04,Mi Campamento de Ayuda,Challenged 4th Grader,ES,4,0:27–0:40,"Pantalla: chat con 'Imagínate que tienes doce galletas…' con ícono de galleta. Diego señala la pantalla.","""Imagínate que tienes doce galletas…""","Gemini le dijo: 'Imagínate que tienes doce galletas…' Diego entendió la versión de las galletas.","Tablet screen showing child-friendly AI explanation with cookie emoji, child's finger pointing"
CAMP04,Mi Campamento de Ayuda,Challenged 4th Grader,ES,5,0:40–0:52,"Diego intentando un problema en papel. Se equivoca. Borra. Intenta otra vez. Sale bien. Una pequeña sonrisa.",Intentó. Se equivocó. Intentó otra vez.,Intentó un problema él solo. La primera vez se equivocó. Preguntó otra vez. La segunda le salió.,"Young boy writing math on paper, erasing, rewriting, small smile, warm kitchen light"
CAMP04,Mi Campamento de Ayuda,Challenged 4th Grader,ES,6,0:52–1:02,"Primer plano: una calcomanía de estrella pegada en una carpeta. La mano pequeña de Diego.",Su calcomanía. Su logro.,Se puso una calcomanía en su carpeta. No porque la IA lo resolvió. Porque él lo resolvió.,"Close-up of a child's hand pressing a star sticker onto a folder, warm light, joyful"
CAMP04,Mi Campamento de Ayuda,Challenged 4th Grader,ES,7,1:02–1:15,Avatar narradora — muy cálida. Directa a cámara.,El ayudante ayuda. Tú haces el trabajo.,"El ayudante es paciente. Es amable. Nunca hace el trabajo por ti.","Friendly female teacher speaking to camera, warm smile, classroom background"
CAMP04,Mi Campamento de Ayuda,Challenged 4th Grader,ES,8,1:15–1:30,Tarjeta final.,Firma la promesa → aigovops-foundation.github.io/aigovops-ncw-ai-camp,Firma la promesa en aigovops-foundation.github.io/aigovops-ncw-ai-camp,"Minimalist title card, dark green, white type, QR code"
CAMP05,The Second Chance Lab,Challenged 8th Grader,EN,1,0:00–0:09,"Jaylen (age 13) at a school desk. A returned test face-down. He doesn't flip it over. Just stares.",,(none),"Teenager sitting at school desk staring at a face-down test paper, quiet classroom, empathetic, photorealistic"
CAMP05,The Second Chance Lab,Challenged 8th Grader,EN,2,0:09–0:16,"Jaylen looks sideways at a classmate who seems unbothered.",Never asked for help.,"Jaylen has been faking it since October. Never asked for help. Too embarrassing.","13-year-old boy in classroom looking sideways at a confident classmate, slightly slumped, warm documentary light"
CAMP05,The Second Chance Lab,Challenged 8th Grader,EN,3,0:16–0:28,"Jaylen at home — kitchen table, laptop. Typing. Nervous but doing it anyway. Prompt appears on screen.","""Explain it three different ways.""","He opened Gemini and typed exactly what was true: 'I'm stuck on factoring. Explain it three different ways.'","Teenage boy typing on laptop at kitchen table, focused and slightly nervous, warm evening home light"
CAMP05,The Second Chance Lab,Challenged 8th Grader,EN,4,0:28–0:40,"Screen insert: three explanations side by side — 'Real-world,' 'Drawing in words,' 'Step-by-step recipe.' Jaylen's finger traces the second one.",One of them clicked.,"One of those three ways clicked. He doesn't know which one would have worked in class.","Screen showing three parallel text explanations of a math concept, finger pointing at one"
CAMP05,The Second Chance Lab,Challenged 8th Grader,EN,5,0:40–0:55,"Jaylen working through problems on paper. Some crossed out. Some circled. Expression going from tense to slowly settling.",Nine problems. Some wrong. All his.,"He asked for nine problems. No answers. Just problems. He tried each one.",Teenage boy working through math problems on paper with eraser marks and slowly relaxing expression
CAMP05,The Second Chance Lab,Challenged 8th Grader,EN,6,0:55–1:07,"Jaylen writing a paragraph in his notebook. Reads it back. Takes a photo of it.","""How I'd explain it to a friend.""",He wrote one paragraph: How I would explain this to a friend who's confused. He showed it to his teacher.,"Teenage boy writing in a notebook, reading it back with growing confidence, warm desk lamp"
CAMP05,The Second Chance Lab,Challenged 8th Grader,EN,7,1:07–1:18,Mateo avatar — direct to camera. Honest. Not a pep talk.,Not a shortcut. A better map.,"This isn't a shortcut. It's the long road — with a better map.","Warm Latino male adult speaking to camera, honest and empathetic expression, clean background"
CAMP05,The Second Chance Lab,Challenged 8th Grader,EN,8,1:18–1:40,Final CTA card.,Sign the pledge → aigovops-foundation.github.io/aigovops-ncw-ai-camp,Sign the pledge at aigovops-foundation.github.io/aigovops-ncw-ai-camp,"Minimalist title card, dark green, white type"
CAMP05,El Laboratorio de Segunda Oportunidad,Challenged 8th Grader,ES,1,0:00–0:09,"Jaylen (13 años) en su escritorio. Un examen boca abajo. No lo voltea. Solo lo mira.",,(ninguno),"Teenager at school desk staring at a face-down test, quiet classroom, empathetic, photorealistic"
CAMP05,El Laboratorio de Segunda Oportunidad,Challenged 8th Grader,ES,2,0:09–0:16,"Jaylen voltea a ver a un compañero que no tiene problema.",Nunca pidió ayuda.,Jaylen lleva desde octubre haciéndose el que entiende. Nunca pidió ayuda. Le daba pena.,"13-year-old boy looking sideways at confident classmate, slumped posture, warm light"
CAMP05,El Laboratorio de Segunda Oportunidad,Challenged 8th Grader,ES,3,0:16–0:28,"Jaylen en casa — mesa de cocina, computadora. Tecleando. Nervioso pero haciéndolo.","""Explícame de tres formas distintas.""","Abrió Gemini y escribió exactamente la verdad: 'Me atasqué con la factorización. Explícame de tres formas distintas.'","Teenage boy typing on laptop at kitchen table, nervous but determined, warm evening light"
CAMP05,El Laboratorio de Segunda Oportunidad,Challenged 8th Grader,ES,4,0:28–0:40,"Pantalla: tres explicaciones — 'Ejemplo real', 'Dibujo en palabras', 'Receta paso a paso'. El dedo de Jaylen en la segunda.",Una de ellas le pegó.,"Una de esas tres formas le pegó. No sabe cuál le hubiera funcionado en la clase.","Screen showing three parallel math explanations, finger pointing at one"
CAMP05,El Laboratorio de Segunda Oportunidad,Challenged 8th Grader,ES,5,0:40–0:55,"Jaylen trabajando problemas en papel. Algunos tachados. Algunos circulados. Su expresión se asienta despacio.",Nueve problemas. Algunos mal. Todos suyos.,"Pidió nueve problemas. Sin respuestas. Los intentó todos.","Teenage boy working through math problems on paper, eraser marks, expression slowly relaxing"
CAMP05,El Laboratorio de Segunda Oportunidad,Challenged 8th Grader,ES,6,0:55–1:07,"Jaylen escribiendo un párrafo en su cuaderno. Lo lee. Lo fotografía.","""Cómo se lo explicaría a un amigo.""",Escribió un párrafo: Cómo le explicaría esto a un amigo confundido. Se lo enseñó a su maestra.,"Teenage boy writing in notebook, reading it back with growing confidence, warm desk lamp"
CAMP05,El Laboratorio de Segunda Oportunidad,Challenged 8th Grader,ES,7,1:07–1:18,Avatar narrador — directo y honesto. No un discurso motivacional.,No es un atajo. Es un mejor mapa.,"Esto no es un atajo. Es el camino largo — con un mejor mapa.","Warm Latino male adult speaking to camera, honest and empathetic"
CAMP05,El Laboratorio de Segunda Oportunidad,Challenged 8th Grader,ES,8,1:18–1:40,Tarjeta final.,Firma la promesa → aigovops-foundation.github.io/aigovops-ncw-ai-camp,Firma la promesa en aigovops-foundation.github.io/aigovops-ncw-ai-camp,"Minimalist title card, dark green, white type"
CAMP06,The Catch-Up Protocol — Without Faking It,Challenged 12th Grader,EN,1,0:00–0:10,"Marisol (age 17, Latina) at an orchard — efficiently moving through a task. Competent. In her element.",,(none),"Teenage Latina girl age 17 working confidently in an apple orchard, organized and efficient, golden harvest light"
CAMP06,The Catch-Up Protocol — Without Faking It,Challenged 12th Grader,EN,2,0:10–0:20,"Cut: Marisol at a school desk. Same girl, slightly smaller confidence. A sheet of credit requirements.",The school has her on a path she can't see how to finish.,But the school still has her on a path she doesn't know how to finish.,"Same girl at a school desk looking at credit requirements, slightly less confident, warm classroom light"
CAMP06,The Catch-Up Protocol — Without Faking It,Challenged 12th Grader,EN,3,0:20–0:34,"Marisol on a notebook — writing a list. 'Logarithms. How to write a research paragraph.' Very specific.",Specific. Not 'math.' Logarithms.,She made a list — specific — of what she actually didn't understand.,"Close-up of handwritten list of specific academic topics, pen in hand, warm light"
CAMP06,The Catch-Up Protocol — Without Faking It,Challenged 12th Grader,EN,4,0:34–0:48,"Screen insert: Khanmigo-style chat — AI asking a question, not giving an answer. Marisol typing.",AI that asks. Not answers.,She used Khanmigo — it asked her questions instead of giving answers.,"Laptop screen showing tutoring AI asking a math question without giving answer, student typing response"
CAMP06,The Catch-Up Protocol — Without Faking It,Challenged 12th Grader,EN,5,0:48–1:02,"Marisol in a counselor's office — showing her phone. Both engaged. Not confrontation — conversation.",She showed her work. Every week.,She showed her progress to her counselor every week.,"Teenage girl showing phone to school counselor in office, warm and collaborative body language"
CAMP06,The Catch-Up Protocol — Without Faking It,Challenged 12th Grader,EN,6,1:02–1:14,"A Google Drive folder on screen — 'My Catch-Up Log.' Multiple docs inside: prompts, answers, rewrites.",The receipts. Evidence she learned it.,"By the end of March, she had a folder in Drive. Evidence she actually learned it.","Google Drive folder showing organized academic documents, clean and systematic"
CAMP06,The Catch-Up Protocol — Without Faking It,Challenged 12th Grader,EN,7,1:14–1:27,"Marisol back at the orchard — a letter in her hand. She reads it alone. A small private smile.",The best letter of her life.,Her counselor wrote her the best recommendation letter of her life. Because Marisol didn't hide.,"Teenage Latina girl in apple orchard reading a letter, small private smile, golden light"
CAMP06,The Catch-Up Protocol — Without Faking It,Challenged 12th Grader,EN,8,1:27–1:40,"Jackson avatar — direct to camera. Two clean lines. Pause between them.",Catch-up isn't cheating. Hiding is.,"Catch-up isn't cheating. Hiding is cheating.","Professional male adult speaking to camera, serious but kind, warm background"
CAMP06,The Catch-Up Protocol — Without Faking It,Challenged 12th Grader,EN,9,1:40–1:55,Final CTA card.,Sign the pledge → aigovops-foundation.github.io/aigovops-ncw-ai-camp,Sign the pledge at aigovops-foundation.github.io/aigovops-ncw-ai-camp,"Minimalist title card, dark green, white type"
CAMP06,El Protocolo de Ponerse al Corriente — Sin Fingir,Challenged 12th Grader,ES,1,0:00–0:10,"Marisol (17 años, latina) en un huerto — trabajando con eficiencia. Competente. En su elemento.",,(ninguno),"Teenage Latina girl age 17 working confidently in an apple orchard, golden harvest light"
CAMP06,El Protocolo de Ponerse al Corriente — Sin Fingir,Challenged 12th Grader,ES,2,0:10–0:20,"Corte: Marisol en un escritorio escolar. Misma chica, un poco menos segura. Hoja de requisitos de créditos.",La escuela la tiene en un camino que no sabe cómo terminar.,Pero la escuela todavía la tiene en un camino que no sabe cómo terminar.,"Same girl at school desk with credit requirements sheet, slightly less confident"
CAMP06,El Protocolo de Ponerse al Corriente — Sin Fingir,Challenged 12th Grader,ES,3,0:20–0:34,"Marisol en un cuaderno — haciendo una lista. 'Logaritmos. Cómo armar un párrafo.' Muy específica.",Específica. No 'matemáticas'. Logaritmos.,Hizo una lista — específica — de lo que de verdad no entendía.,"Close-up of handwritten list of specific academic topics, pen in hand"
CAMP06,El Protocolo de Ponerse al Corriente — Sin Fingir,Challenged 12th Grader,ES,4,0:34–0:48,"Pantalla: chat estilo Khanmigo — IA haciendo preguntas, no dando respuestas. Marisol teclando.",IA que pregunta. No que responde.,Usó Khanmigo — le hacía preguntas en vez de darle respuestas.,"Screen showing tutoring AI asking questions, student typing, no answers given"
CAMP06,El Protocolo de Ponerse al Corriente — Sin Fingir,Challenged 12th Grader,ES,5,0:48–1:02,"Marisol en la oficina de su consejera — mostrando el teléfono. Ambas involucradas. Conversación, no confrontación.",Mostró su trabajo. Cada semana.,Le mostraba su avance a su consejera cada semana.,"Teenage girl showing phone to school counselor, warm and collaborative"
CAMP06,El Protocolo de Ponerse al Corriente — Sin Fingir,Challenged 12th Grader,ES,6,1:02–1:14,"Carpeta de Google Drive — 'Mi Registro de Avance.' Documentos adentro: prompts, respuestas, correcciones.",El rastro. Evidencia de que lo aprendió.,Para finales de marzo tenía una carpeta en Drive. Evidencia de que de verdad lo había aprendido.,"Google Drive folder showing organized academic documents"
CAMP06,El Protocolo de Ponerse al Corriente — Sin Fingir,Challenged 12th Grader,ES,7,1:14–1:27,"Marisol de vuelta en el huerto — una carta en la mano. La lee sola. Una pequeña sonrisa privada.",La mejor carta de su vida.,Su consejera le escribió la mejor carta de recomendación. Porque Marisol no escondió nada.,"Teenage Latina girl in orchard reading a letter, private smile, golden light"
CAMP06,El Protocolo de Ponerse al Corriente — Sin Fingir,Challenged 12th Grader,ES,8,1:27–1:40,"Avatar narrador — directo. Dos líneas claras. Pausa entre ellas.",Ponerse al corriente no es trampa. Esconderse sí.,"Ponerse al corriente no es hacer trampa. Esconderse sí.","Professional male adult to camera, serious but kind"
CAMP06,El Protocolo de Ponerse al Corriente — Sin Fingir,Challenged 12th Grader,ES,9,1:40–1:55,Tarjeta final.,Firma la promesa → aigovops-foundation.github.io/aigovops-ncw-ai-camp,Firma la promesa en aigovops-foundation.github.io/aigovops-ncw-ai-camp,"Minimalist title card, dark green, white type"
CAMP07,The Sunday Rescue Camp,Teacher,EN,1,0:00–0:10,"Becca (40s, teacher) at kitchen table, Sunday afternoon. Coffee mug. Stack of papers. Laptop open. Tired but not defeated.",,(none),"Middle-aged female teacher at kitchen table Sunday afternoon, coffee mug, papers stacked, laptop open, tired but composed, warm light"
CAMP07,The Sunday Rescue Camp,Teacher,EN,2,0:10–0:18,"Close-up: her face. Pause. She opens a tab — Gamma. Expression shifts slightly: okay, let's go.",She didn't quit.,She didn't quit. She ran six moves in 30 minutes.,"Close-up of teacher's face shifting from tired to determined, laptop screen glow, warm kitchen light"
CAMP07,The Sunday Rescue Camp,Teacher,EN,3,0:18–0:32,"Screen montage — Gamma generating a lesson slide deck in seconds. Becca's cursor editing two slides. Clock: 4 minutes.",Move 1: Lesson plan. 4 minutes.,Move one: lesson plan in Gamma. Four minutes. She edited it for her kids.,"Screen of Gamma AI generating lesson plan slides, cursor editing text, clock showing 4 minutes"
CAMP07,The Sunday Rescue Camp,Teacher,EN,4,0:32–0:45,"Screen insert: Gemini differentiating a reading passage into three columns: 3rd, 6th, 9th grade.",Move 2: Three versions. Two minutes.,Move two: reading passage differentiated. Three grade levels. Two minutes.,"Screen showing text differentiated into three reading levels in AI interface, teacher nodding"
CAMP07,The Sunday Rescue Camp,Teacher,EN,5,0:45–0:58,"Becca typing an IEP prompt — visible: 'no student names, no identifiers.' AI returns structured goals.",Move 3: IEP draft. 10 minutes. No student names.,Move three: IEP goal drafted — de-identified — in ten minutes.,"Teacher typing IEP prompt into AI tool, screen shows no-student-names instruction, focused"
CAMP07,The Sunday Rescue Camp,Teacher,EN,6,0:58–1:10,"Becca typing a frustrated email. Pauses. Opens Gemini. Types rewrite prompt. Reads it. Small exhale. Sends.",Move 4: Keep the boundary. Drop the snark.,"The frustrated email? She asked Gemini: 'Keep the boundary. Drop the snark.'","Teacher typing email, then reading AI-softened version, small relief expression, warm light"
CAMP07,The Sunday Rescue Camp,Teacher,EN,7,1:10–1:22,"Becca in a meeting, laptop running Granola. She's NOT taking notes — making eye contact with the parent.",Move 5: Granola. Notes wrote themselves.,Granola running during Monday's meeting. Notes wrote themselves.,"Teacher in parent conference meeting, making full eye contact, Granola running in background"
CAMP07,The Sunday Rescue Camp,Teacher,EN,8,1:22–1:35,"Becca at kitchen table, posture different — relaxed. Writing a personal note in plan margins about a specific kid.",Two hours back. The spark: still hers.,Two hours of paper-pushing gone. The relationship with the kid who finally gets it? Still hers.,"Teacher at kitchen table relaxed, writing personal notes in lesson plan margins, warm quiet light"
CAMP07,The Sunday Rescue Camp,Teacher,EN,9,1:35–1:55,Final CTA card.,Sign the pledge → aigovops-foundation.github.io/aigovops-ncw-ai-camp,Sign the pledge at aigovops-foundation.github.io/aigovops-ncw-ai-camp,"Minimalist title card, dark green, white type"
CAMP07,El Campamento del Rescate Dominical,Teacher,ES,1,0:00–0:10,"Rebeca (40 años, maestra) en su mesa de cocina, domingo por la tarde. Café. Papeles. Laptop. Cansada pero no vencida.",,(ninguno),"Female teacher at kitchen table Sunday afternoon, coffee, papers, laptop, tired but composed, warm light"
CAMP07,El Campamento del Rescate Dominical,Teacher,ES,2,0:10–0:18,"Primer plano: su cara. Pausa. Abre una pestaña — Gamma. Expresión: bueno, vamos.",No renunció.,No renunció. Hizo seis movidas en treinta minutos.,"Close-up of teacher's face shifting from tired to determined, laptop glow, warm kitchen light"
CAMP07,El Campamento del Rescate Dominical,Teacher,ES,3,0:18–0:32,"Pantalla: Gamma generando diapositivas en segundos. El cursor de Rebeca editando dos. Reloj: 4 minutos.",Movida 1: Planificación. 4 minutos.,Movida uno: la planificación en Gamma. Cuatro minutos. La editó para sus estudiantes.,"Screen of Gamma generating lesson slides, cursor editing, clock showing 4 minutes"
CAMP07,El Campamento del Rescate Dominical,Teacher,ES,4,0:32–0:45,"Pantalla: Gemini diferenciando una lectura en tres columnas: 3°, 6°, 9° grado.",Movida 2: Tres versiones. Dos minutos.,Movida dos: la lectura diferenciada. Tres niveles. Dos minutos.,"Screen showing text differentiated into three reading levels in AI interface"
CAMP07,El Campamento del Rescate Dominical,Teacher,ES,5,0:45–0:58,"Rebeca teclando un prompt de IEP — visible: 'sin nombres, sin datos del estudiante.' La IA devuelve objetivos estructurados.",Movida 3: Borrador de IEP. 10 minutos. Sin nombres.,Movida tres: el borrador del objetivo de IEP — sin nombres — en diez minutos.,"Teacher typing IEP prompt, screen shows no-student-names instruction visible"
CAMP07,El Campamento del Rescate Dominical,Teacher,ES,4,0:58–1:10,"Rebeca escribiendo un correo frustrado. Pausa. Abre Gemini. Teclea el prompt. Lee el resultado. Pequeño suspiro. Envía.",Movida 4: Mantén el límite. Quita el sarcasmo.,"El correo difícil — le pidió a Gemini: 'Mantén el límite. Quita el sarcasmo.'","Teacher typing email, reading AI-softened version, small relief, warm light"
CAMP07,El Campamento del Rescate Dominical,Teacher,ES,7,1:10–1:22,"Rebeca en una junta — laptop con Granola. NO está tomando notas — le ve a los ojos al padre enfrente.",Movida 5: Granola. Las notas se escribieron solas.,Granola corriendo en la junta del lunes. Las notas se escribieron solas.,"Teacher in parent meeting making full eye contact, Granola running in background"
CAMP07,El Campamento del Rescate Dominical,Teacher,ES,8,1:22–1:35,"Rebeca en la mesa de cocina, más relajada. Escribiendo una nota personal en los márgenes del plan.",Dos horas de vuelta. La chispa: sigue siendo de ella.,Dos horas de papeleo desaparecidas. La relación con el niño que por fin entendió — esa sigue siendo de ella.,"Teacher at kitchen table relaxed, writing personal notes in lesson plan margins"
CAMP07,El Campamento del Rescate Dominical,Teacher,ES,9,1:35–1:55,Tarjeta final.,Firma la promesa → aigovops-foundation.github.io/aigovops-ncw-ai-camp,Firma la promesa en aigovops-foundation.github.io/aigovops-ncw-ai-camp,"Minimalist title card, dark green, white type"
CAMP08,The District Leadership Camp,Administrator,EN,1,0:00–0:12,"A principal (50s) at a desk — emails open. Multiple unread threads. Coffee. Post-it notes. Heavy job visible.",,(none),"School principal in 50s at desk with multiple email threads, coffee, post-it notes, composed but heavy, warm office light"
CAMP08,The District Leadership Camp,Administrator,EN,2,0:12–0:22,Jackson avatar — direct. Warm but serious. Briefing.,This is the 30-minute move.,"You don't have a five-million-dollar AI advisor. You have thirty minutes and this camp.","Professional mature male speaking to camera, collegial peer-to-peer energy, warm office background"
CAMP08,The District Leadership Camp,Administrator,EN,3,0:22–0:36,"Screen insert: Google Sheet with columns — Tool name, Who uses it, Data touched, Approved Y/N. Red highlights on N rows.",The inventory. What's already running.,"Spreadsheet. One hour. Every AI tool in use. Most districts find 15–40 running. Most never approved.","Google Sheets AI tool inventory with approval status, several rows highlighted red"
CAMP08,The District Leadership Camp,Administrator,EN,4,0:36–0:50,"Simple one-page document — three columns: RED, YELLOW, GREEN. Hand signing the bottom.",One page. Three columns. Your signature.,"Traffic-light policy. One page. Red: never. Yellow: with care. Green: encouraged.","Simple one-page policy document with three columns in red, yellow, green, hand signing"
CAMP08,The District Leadership Camp,Administrator,EN,5,0:50–1:04,"Administrator typing a letter — three short paragraphs. Signs it by hand. Puts it in an envelope.",A parent letter. Three paragraphs. Your name.,"A parent letter. Three paragraphs. What you use. What you'll never use. How to opt out. Sign it personally.","Administrator typing a letter then signing printed version, warm office light"
CAMP08,The District Leadership Camp,Administrator,EN,6,1:04–1:18,"A school board room — administrator presenting. Three slides on screen. Board members leaning forward — engaged.",Show your work. The board calms down.,Governance isn't a luxury. It's your competitive advantage.,"School board meeting room, administrator presenting three clear slides, engaged board members"
CAMP08,The District Leadership Camp,Administrator,EN,7,1:18–1:30,"Wide: a school hallway — teachers moving with purpose. One smiling at something on a tablet.",The districts that get this right will recruit from the ones that don't.,The districts that get this right will recruit teachers from the ones that don't.,"Bright school hallway, teachers walking with purpose, one looking at tablet with a smile"
CAMP08,The District Leadership Camp,Administrator,EN,8,1:30–1:55,Final CTA card.,Sign the pledge → aigovops-foundation.github.io/aigovops-ncw-ai-camp,Sign the pledge at aigovops-foundation.github.io/aigovops-ncw-ai-camp,"Minimalist title card, dark green, white type, logos"
CAMP08,El Campamento de Liderazgo Distrital,Administrator,ES,1,0:00–0:12,"Una directora (50 años) en su escritorio — correos abiertos. Muchos sin leer. Café. Notas adhesivas.",,(ninguno),"School principal in 50s at desk with multiple email threads, coffee, post-it notes, warm office light"
CAMP08,El Campamento de Liderazgo Distrital,Administrator,ES,2,0:12–0:22,Avatar narrador — directo. Cálido pero serio. Como un briefing.,Este es el movimiento de treinta minutos.,"Usted no tiene un asesor de cinco millones. Tiene treinta minutos y este campamento.","Professional mature male to camera, collegial energy, warm background"
CAMP08,El Campamento de Liderazgo Distrital,Administrator,ES,3,0:22–0:36,"Hoja de cálculo: columnas — Herramienta, Quién la usa, Datos que toca, Aprobada S/N. Filas en rojo.",El inventario. Lo que ya está corriendo.,"Hoja de cálculo. Una hora. Cada herramienta de IA en uso. La mayoría de los distritos encuentran de 15 a 40. Casi ninguna aprobada.","Google Sheets AI tool inventory with red rows for unapproved tools"
CAMP08,El Campamento de Liderazgo Distrital,Administrator,ES,4,0:36–0:50,"Documento de una página — tres columnas: ROJO, AMARILLO, VERDE. Una mano firmando al final.",Una página. Tres columnas. Su firma.,"Política de semáforo. Una página. Rojo: nunca. Amarillo: con cuidado. Verde: se recomienda.","Simple one-page policy document with red, yellow, green columns, hand signing"
CAMP08,El Campamento de Liderazgo Distrital,Administrator,ES,5,0:50–1:04,"Directora escribiendo una carta — tres párrafos cortos. La firma a mano. La mete en un sobre.",Una carta para los padres. Tres párrafos. Su nombre.,"Una carta para los padres. Tres párrafos. Lo que usan. Lo que nunca usarán. Cómo objetar. Fírmela usted.","Administrator typing letter then signing printed version, warm office light"
CAMP08,El Campamento de Liderazgo Distrital,Administrator,ES,6,1:04–1:18,"Sala de la junta escolar — directora presentando. Tres diapositivas. Los miembros de la junta se inclinan hacia adelante.",Muestre su trabajo. La junta se calma.,La gobernanza no es un lujo. Es su ventaja competitiva.,"School board meeting room, administrator presenting slides, engaged board members"
CAMP08,El Campamento de Liderazgo Distrital,Administrator,ES,7,1:18–1:30,"Pasillo escolar — maestros con propósito. Uno sonriendo ante su tableta.",Los distritos que lo hagan bien van a reclutar de los que no.,Los distritos que lo hagan bien van a reclutar maestros de los que no.,"Bright school hallway, teachers walking purposefully, one smiling at tablet"
CAMP08,El Campamento de Liderazgo Distrital,Administrator,ES,8,1:30–1:55,Tarjeta final.,Firma la promesa → aigovops-foundation.github.io/aigovops-ncw-ai-camp,Firma la promesa en aigovops-foundation.github.io/aigovops-ncw-ai-camp,"Minimalist title card, dark green, white type"
CAMP09,The 5-Hours-Back Camp,Small Business Owner,EN,1,0:00–0:11,"Marco (late 30s, orchard vest) at kitchen table at night. Three tabs: Gmail, Instagram, spreadsheet. Rubs his face.",,(none),"Small business owner late 30s with orchard vest at kitchen table at night, three browser tabs open, tired expression, warm lamp"
CAMP09,The 5-Hours-Back Camp,Small Business Owner,EN,2,0:11–0:19,Same scene — Marco opens Gemini. Posture shifts forward slightly.,Five hours. Without losing the customers.,Marco used AI to get five hours back. He didn't let it touch his customers.,"Same man opening a new browser tab, slight forward lean, expression shifting from tired to engaged"
CAMP09,The 5-Hours-Back Camp,Small Business Owner,EN,3,0:19–0:34,"Screen insert: Gemini setup prompt — 'I run an orchard. Warm voice. Dry-funny. Never corporate.' Draft email below reads like a real person.","""Sound like me — not a bot.""","He told Gemini once: 'Warm voice. Dry-funny. Never corporate.' Now every draft sounds like Marco.","Laptop screen showing casual conversational AI prompt about an orchard, warm human-sounding email draft below"
CAMP09,The 5-Hours-Back Camp,Small Business Owner,EN,4,0:34–0:46,"Friday afternoon at the orchard — Marco in a truck cab, phone out. Five minutes. Schedules a week of posts.",Friday 4pm. Five minutes. A week of posts.,On Friday afternoons he spends five minutes in Gemini and schedules a week of social posts.,"Small business owner in truck cab using phone, orchard rows through windshield, golden afternoon light"
CAMP09,The 5-Hours-Back Camp,Small Business Owner,EN,5,0:46–0:58,"Marco in a meeting — across from a vendor. Fully present. Eye contact. Laptop open but not looked at.",Meeting notes writing themselves. He stays present.,Granola takes his meeting notes while he looks people in the eye.,"Business owner in meeting making full eye contact, laptop open but not being watched"
CAMP09,The 5-Hours-Back Camp,Small Business Owner,EN,6,0:58–1:08,"Spreadsheet on screen — 12 customers highlighted in red: 'last purchase 90+ days ago.' Marco picks up his phone.",30 seconds. 12 customers who need a call.,A spreadsheet command in thirty seconds finds customers who haven't ordered in ninety days.,"Google Sheets with highlighted inactive customer rows, hand reaching for phone"
CAMP09,The 5-Hours-Back Camp,Small Business Owner,EN,7,1:08–1:22,"Wide: Marco in the orchard at golden hour. Not rushing. Walking among the trees, touching branches. In his element.",He loved the work. Now he has time for it again.,He opened the business because he loved the work. Every hour AI saves is an hour back for that.,"Small business owner walking through apple orchard at golden hour, relaxed and present, touching branches"
CAMP09,The 5-Hours-Back Camp,Small Business Owner,EN,8,1:22–1:35,Mateo avatar — direct to camera. Warm. The close is unhurried.,Not replacing Marco. Rehiring him.,"That's not AI replacing Marco. That's Marco — rehiring himself for the job he actually wanted.","Warm Latino male looking to camera, relaxed and genuine, clean background"
CAMP09,The 5-Hours-Back Camp,Small Business Owner,EN,9,1:35–1:55,Final CTA card.,Sign the pledge → aigovops-foundation.github.io/aigovops-ncw-ai-camp,Sign the pledge at aigovops-foundation.github.io/aigovops-ncw-ai-camp,"Minimalist title card, dark green, white type, logos"
CAMP09,El Campamento de las Cinco Horas de Vuelta,Small Business Owner,ES,1,0:00–0:11,"Marco (finales de los 30, chaleco del huerto) en la mesa de cocina por la noche. Tres pestañas abiertas. Se frota la cara.",,(ninguno),"Small business owner with orchard vest at kitchen table at night, three browser tabs, tired, warm lamp light"
CAMP09,El Campamento de las Cinco Horas de Vuelta,Small Business Owner,ES,2,0:11–0:19,Marco abre Gemini. Se inclina un poco hacia adelante.,Cinco horas. Sin tocar a los clientes.,Marco usó la IA para recuperar cinco horas. Sin dejar que tocara a sus clientes.,"Man opening new browser tab, forward lean, expression shifting from tired to engaged"
CAMP09,El Campamento de las Cinco Horas de Vuelta,Small Business Owner,ES,3,0:19–0:34,"Pantalla: prompt de Gemini — 'Tengo un huerto en Wenatchee. Voz cálida. Un poco burlona. Nunca corporativa.' Un correo humano abajo.","""Suena a mí — no a un bot.""","Una vez le dijo a Gemini: 'Voz cálida. Un poco burlona. Nunca corporativa.' Ahora cada borrador suena a Marco.","Laptop screen with casual AI prompt about orchard, warm human-sounding email draft"
CAMP09,El Campamento de las Cinco Horas de Vuelta,Small Business Owner,ES,4,0:34–0:46,"Viernes por la tarde en el huerto — Marco en la cabina del camión, teléfono en mano. Cinco minutos. Programa los posts.",Viernes 4pm. Cinco minutos. Una semana de posts.,Los viernes gasta cinco minutos en Gemini y programa una semana de publicaciones.,"Small business owner in truck cab on phone, orchard visible through windshield, golden light"
CAMP09,El Campamento de las Cinco Horas de Vuelta,Small Business Owner,ES,5,0:46–0:58,"Marco en una junta — frente a un proveedor. Completamente presente. Contacto visual. Laptop corriendo pero no mirándola.",Las notas se escriben solas. Él se queda presente.,Granola toma sus notas de reunión mientras él le ve a los ojos a la persona enfrente.,"Business owner in meeting with full eye contact, laptop open but ignored"
CAMP09,El Campamento de las Cinco Horas de Vuelta,Small Business Owner,ES,6,0:58–1:08,"Hoja de cálculo — 12 clientes en rojo: 'último pedido hace 90+ días.' Marco agarra el teléfono.",30 segundos. 12 clientes que necesitan una llamada.,Un comando en la hoja de cálculo le encuentra en treinta segundos los clientes que no han pedido en noventa días.,"Google Sheets with highlighted inactive customer rows, hand reaching for phone"
CAMP09,El Campamento de las Cinco Horas de Vuelta,Small Business Owner,ES,7,1:08–1:22,"Plano abierto: Marco en el huerto al atardecer. Sin prisa. Caminando entre los árboles, tocando las ramas.",Amaba el trabajo. Ahora tiene tiempo para él otra vez.,Abrió el negocio porque amaba el trabajo. Cada hora que la IA le ahorra es una hora de vuelta a lo que amaba.,"Small business owner walking through apple orchard at golden hour, relaxed and present"
CAMP09,El Campamento de las Cinco Horas de Vuelta,Small Business Owner,ES,8,1:22–1:35,Avatar narrador cálido — directo. Sin prisa.,No es reemplazar a Marco. Es contratarlo de nuevo.,Esto no es la IA reemplazando a Marco. Esto es Marco — contratándose de nuevo para el trabajo que quería.,"Warm Latino male to camera, relaxed and genuine, clean background"
CAMP09,El Campamento de las Cinco Horas de Vuelta,Small Business Owner,ES,9,1:35–1:55,Tarjeta final.,Firma la promesa → aigovops-foundation.github.io/aigovops-ncw-ai-camp,Firma la promesa en aigovops-foundation.github.io/aigovops-ncw-ai-camp,"Minimalist title card, dark green, white type"
CAMP10,The Civic Action Camp,Community Leader,EN,1,0:00–0:10,"Elena (40s, Latina, civic-casual) at a community meeting — people nodding, nothing committed. She has the folder.",,(none),"Latina woman in 40s at a community meeting, people nodding without commitment, she holds a folder, warm meeting room light"
CAMP10,The Civic Action Camp,Community Leader,EN,2,0:10–0:17,"Elena at home — laptop, coffee, yellow legal pad. She has thirty minutes. She starts.",Today is different.,"Today is different. She spent 30 minutes — and moved it.","Woman at home desk with laptop and legal pad, decisive posture, warm morning light"
CAMP10,The Civic Action Camp,Community Leader,EN,3,0:17–0:32,"Screen montage: three browser tabs — Gemini, Claude, ChatGPT — each with the same question. She's reading all three, making notes.",Three AIs. One question. What they agree on: likely true.,"She ran a Model Council — three AIs, same question, three tabs. What they agreed on: likely true.","Three AI browser tabs open side by side, same question across all three, hand taking notes"
CAMP10,The Civic Action Camp,Community Leader,EN,4,0:32–0:44,"Elena writing her one-page document — crossing out AI draft language, writing her own words. A local story in paragraph two — from memory.",Her voice. Her story. AI gave the structure.,"She drafted a one-page case for action. Her voice. Her story from the valley. AI gave the structure. She gave it the truth.","Woman editing a document, crossing out text, handwriting her own version, warm desk light"
CAMP10,The Civic Action Camp,Community Leader,EN,5,0:44–0:58,"Screen: a simple clean website building in Lovable — hero text, three facts with citations, her name at the bottom. She publishes.",A website. 60 minutes. No designer.,"She built a community website in sixty minutes. The ask was clear. Her name was on it.","Simple civic campaign website being built in a website builder, hero text about broadband access"
CAMP10,The Civic Action Camp,Community Leader,EN,6,0:58–1:10,"Elena on her phone — a text thread. Three messages: 'Read your site.' 'I'm in.' 'Can we talk before the meeting?'",Three council members. One week. Two commitments.,"A week later: three city council members had read it. Two committed to show up.","Woman looking at phone with growing relief and satisfaction, text messages visible"
CAMP10,The Civic Action Camp,Community Leader,EN,7,1:10–1:25,"Wide: Elena at city council meeting — presenting. Room fuller than usual. People leaning in.",The room. The trust. That's still hers.,"AI didn't build the community. Elena did. AI gave her thirty hours she didn't have.","Woman presenting at small city council meeting, fuller-than-usual room, people leaning in"
CAMP10,The Civic Action Camp,Community Leader,EN,8,1:25–1:40,Tina avatar — warm and direct. The last line lands as a real statement.,AI gave her time. She used it for the human work.,Sign the pledge at aigovops-foundation.github.io/aigovops-ncw-ai-camp,"Warm female narrator to camera, civic and genuine energy, clean background"
CAMP10,The Civic Action Camp,Community Leader,EN,9,1:40–1:55,Final CTA card.,Sign the pledge → aigovops-foundation.github.io/aigovops-ncw-ai-camp,Sign the pledge at aigovops-foundation.github.io/aigovops-ncw-ai-camp,"Minimalist title card, dark green, white type, logos"
CAMP10,El Campamento de Acción Cívica,Community Leader,ES,1,0:00–0:10,"Elena (40 años, latina, ropa cívica casual) en una junta comunitaria — todos asienten, nada se compromete.",,(ninguno),"Latina woman in 40s at community meeting, people nodding without commitment, she holds a folder, warm meeting room"
CAMP10,El Campamento de Acción Cívica,Community Leader,ES,2,0:10–0:17,"Elena en casa — laptop, café, bloc amarillo. Tiene treinta minutos. Empieza.",Hoy es diferente.,Hoy es diferente. Usó treinta minutos — y lo movió.,"Woman at home desk with laptop and legal pad, decisive posture, warm morning light"
CAMP10,El Campamento de Acción Cívica,Community Leader,ES,3,0:17–0:32,"Montaje de pantalla: tres ventanas — Gemini, Claude, ChatGPT — misma pregunta. Leyendo las tres, tomando notas.",Tres IAs. Una pregunta. En lo que coinciden: probablemente cierto.,"Corrió un Consejo de Modelos — tres IAs, la misma pregunta, tres ventanas. En lo que coincidían: probablemente cierto.","Three AI browser tabs open, same question, hand taking notes nearby"
CAMP10,El Campamento de Acción Cívica,Community Leader,ES,4,0:32–0:44,"Elena escribiendo su documento — tachando el lenguaje de la IA, escribiendo sus propias palabras. Una historia local en el párrafo dos — de memoria.",Su voz. Su historia. La IA dio la estructura.,"Redactó una hoja de argumentos de una página. Su voz. Su historia del valle. La IA le dio la estructura.","Woman editing a document, crossing out text, handwriting own version"
CAMP10,El Campamento de Acción Cívica,Community Leader,ES,5,0:44–0:58,"Pantalla: un sitio web cívico construyéndose — texto principal, tres datos con fuentes, su nombre al fondo. Lo publica.",Un sitio web. 60 minutos. Sin diseñador.,"Construyó un sitio comunitario en sesenta minutos. El pedido era claro. Su nombre estaba ahí.","Simple civic campaign website being built, hero text about broadband access"
CAMP10,El Campamento de Acción Cívica,Community Leader,ES,6,0:58–1:10,"Elena con el teléfono — un hilo de mensajes: 'Leí tu sitio.' 'Cuento con usted.' '¿Hablamos antes de la reunión?'",Tres concejales. Una semana. Dos compromisos.,"Una semana después: tres concejales ya lo habían leído. Dos se comprometieron a aparecer.","Woman looking at phone with relief and satisfaction, text messages visible"
CAMP10,El Campamento de Acción Cívica,Community Leader,ES,7,1:10–1:25,"Plano abierto: Elena en la sesión del concejo municipal — presentando. Sala más llena que de costumbre.",La sala. La confianza. Esas siguen siendo de ella.,"La IA no construyó la comunidad. Elena lo hizo. La IA le dio treinta horas que no tenía.","Woman presenting at small city council meeting, fuller room, people leaning in"
CAMP10,El Campamento de Acción Cívica,Community Leader,ES,8,1:25–1:40,Avatar narradora — cálida y directa. La última línea aterriza como una afirmación real.,La IA le dio tiempo. Ella lo usó para el trabajo humano.,Firma la promesa en aigovops-foundation.github.io/aigovops-ncw-ai-camp,"Warm female narrator to camera, civic energy, clean background"
CAMP10,El Campamento de Acción Cívica,Community Leader,ES,9,1:40–1:55,Tarjeta final.,Firma la promesa → aigovops-foundation.github.io/aigovops-ncw-ai-camp,Firma la promesa en aigovops-foundation.github.io/aigovops-ncw-ai-camp,"Minimalist title card, dark green, white type"
CAMP11,The Local Government Camp,Local Gov Leader,EN,1,0:00–0:12,"A small-city mayor or council member (50s) at a public meeting — a constituent asking a question. The official listening carefully.",,(none),"Small-city elected official in their 50s listening carefully to a constituent at a public meeting, warm civic room light"
CAMP11,The Local Government Camp,Local Gov Leader,EN,2,0:12–0:22,Jackson avatar — direct. Civic register. Not selling anything. Briefing.,Thirty minutes. This camp.,"You don't have a five-million-dollar AI advisor. You have thirty minutes and this camp.","Mature professional male to camera, civic and authoritative energy, warm clean background"
CAMP11,The Local Government Camp,Local Gov Leader,EN,3,0:22–0:36,"Screen insert: a city department spreadsheet — Parks, Police, Library, City Clerk. Many rows: 'Never approved' in red.",The inventory. You can't govern what you can't see.,"Inventory. Every department. Every AI tool. Most small cities find 8–20 running. Most never approved.","Spreadsheet showing city department AI tool inventory with red cells for unapproved tools"
CAMP11,The Local Government Camp,Local Gov Leader,EN,4,0:36–0:50,"A simple one-page ordinance document — three clear sections, bold headers. A hand adds a name to the accountability line.",One page. A name. Public accountability.,"A one-page AI use ordinance. What you'll never use it for. Who is publicly accountable — by name.","Simple government ordinance document with clear sections, hand writing a name in accountability field"
CAMP11,The Local Government Camp,Local Gov Leader,EN,5,0:50–1:04,"A city council meeting — official reading from a printed summary. Residents recognize their words. Room is present.",Their words. Their agenda. Your voice reading them.,"Come to the council meeting and read the five things your residents care about most — out loud. That's how trust gets built.","City council chamber, official reading from document, residents with engaged expressions"
CAMP11,The Local Government Camp,Local Gov Leader,EN,6,1:04–1:16,"Side-by-side: same city notice — left: English only. Right: English + Spanish. Family reading the bilingual version at kitchen table.",Translate everything. It changes who participates.,"NCW has significant Spanish-speaking communities. Public notice in English only is a closed door. It costs essentially nothing.","Side-by-side public notice versions, English only vs bilingual, family reading bilingual at kitchen table"
CAMP11,The Local Government Camp,Local Gov Leader,EN,7,1:16–1:30,"Aerial of a small NCW city — clean, functional, beautiful in scale. The Columbia, the mountains.",NCW could be the first AI-governed region small cities actually copy from.,"Big cities will spend years and millions arguing about AI. You can lead by example in thirty days.","Aerial drone shot over small North Central Washington city, Columbia River visible, Cascades, golden light"
CAMP11,The Local Government Camp,Local Gov Leader,EN,8,1:30–1:45,Jackson avatar again — slower. The last line is the mission statement.,Leadership.,Sign the pledge at aigovops-foundation.github.io/aigovops-ncw-ai-camp,"Same civic male avatar, slower and more deliberate, direct to camera"
CAMP11,The Local Government Camp,Local Gov Leader,EN,9,1:45–2:00,Final CTA card.,Sign the pledge → aigovops-foundation.github.io/aigovops-ncw-ai-camp,Sign the pledge at aigovops-foundation.github.io/aigovops-ncw-ai-camp,"Minimalist title card, dark green, white type, logos"
CAMP11,El Campamento del Gobierno Local,Local Gov Leader,ES,1,0:00–0:12,"Un alcalde o concejal de ciudad pequeña (50 años) en una sesión pública — un ciudadano haciendo una pregunta. El funcionario escuchando.",,(ninguno),"Small-city elected official in their 50s listening to a constituent at a public meeting, warm civic room light"
CAMP11,El Campamento del Gobierno Local,Local Gov Leader,ES,2,0:12–0:22,Avatar narrador — directo. Registro cívico. No vende nada. Briefing.,Treinta minutos. Este campamento.,"Usted no tiene un asesor de cinco millones. Tiene treinta minutos y este campamento.","Mature professional male to camera, civic authoritative energy, warm clean background"
CAMP11,El Campamento del Gobierno Local,Local Gov Leader,ES,3,0:22–0:36,"Pantalla: hoja de cálculo de departamentos — Parques, Policía, Biblioteca, Oficina Municipal. Muchas filas: 'No aprobada' en rojo.",El inventario. No puede gobernar lo que no puede ver.,"Inventario. Cada departamento. Cada herramienta de IA. La mayoría de las ciudades encuentran entre 8 y 20. Casi ninguna aprobada.","Spreadsheet showing city department AI tool inventory with red cells for unapproved tools"
CAMP11,El Campamento del Gobierno Local,Local Gov Leader,ES,4,0:36–0:50,"Una ordenanza de una página — tres secciones claras. Una mano escribe un nombre en la línea de responsabilidad.",Una página. Un nombre. Responsabilidad pública.,"Una ordenanza de uso de IA de una página. Para qué nunca la usarán. Quién es responsable — con nombre y apellido.","Simple government ordinance with clear sections, hand writing name in accountability field"
CAMP11,El Campamento del Gobierno Local,Local Gov Leader,ES,5,0:50–1:04,"Sesión del concejo — el funcionario lee de un resumen impreso. Los ciudadanos reconocen sus palabras.",Sus palabras. Su agenda. Su voz leyéndolas.,"Llegue a la sesión del concejo y lea en voz alta las cinco cosas que más importan a sus vecinos. Así se construye la confianza.","City council chamber, official reading from document, residents with engaged expressions"
CAMP11,El Campamento del Gobierno Local,Local Gov Leader,ES,6,1:04–1:16,"Comparación lado a lado: el mismo aviso — izquierda: solo inglés. Derecha: inglés + español. Una familia leyendo la versión bilingüe.",Traduzcan todo. Cambia quién puede participar.,"El Norte Central de Washington tiene comunidades hispanohablantes importantes. Un aviso solo en inglés es una puerta cerrada.","Side-by-side public notice versions, English only vs bilingual, family reading bilingual version"
CAMP11,El Campamento del Gobierno Local,Local Gov Leader,ES,7,1:16–1:30,"Toma aérea de una ciudad pequeña de NCW — funcional y bella. El Columbia. Las montañas.",NCW podría ser la primera región gobernada por IA que las ciudades pequeñas copien.,"Las ciudades grandes van a tardar años y millones. Usted puede dar el ejemplo en treinta días.","Aerial drone shot over small NCW city, Columbia River, Cascades, golden light"
CAMP11,El Campamento del Gobierno Local,Local Gov Leader,ES,8,1:30–1:45,"Avatar narrador — más despacio. La última línea es la declaración de misión, no un slogan.",Liderazgo.,Firma la promesa en aigovops-foundation.github.io/aigovops-ncw-ai-camp,"Same civic male avatar, slower and deliberate, direct to camera"
CAMP11,El Campamento del Gobierno Local,Local Gov Leader,ES,9,1:45–2:00,"Tarjeta final. Nota adicional en español: 'Este video fue creado en los dos idiomas. Eso es lo que pedimos.'",Firma la promesa → aigovops-foundation.github.io/aigovops-ncw-ai-camp,Firma la promesa en aigovops-foundation.github.io/aigovops-ncw-ai-camp,"Minimalist title card, dark green, white type, logos, bilingual note"
