video_id,video_name,audience,language,shot_number,timecode,visual_description,on_screen_text,narration_line,gamma_prompt
V1,Centerpiece Plenary Trailer,Educators / SMB owners / Community / All 300,EN,1,0:00–0:06,"Black screen. Single piano note. Extreme close-up: a young Latina girl's hand opens a Chromebook in a dim classroom at dawn. The screen lights her face. One window — the Columbia River barely visible through the glass.",(none),"It's a Tuesday morning. In a classroom in Wenatchee.","Extreme close-up of a young Latina girl's hands opening a Chromebook in a dim K-8 classroom at dawn, one window with Columbia River visible outside, soft warm light, photorealistic, cinematic"
V1,Centerpiece Plenary Trailer,Educators / SMB owners / Community / All 300,EN,2,0:06–0:14,"Over-the-shoulder on María — AI tutor interface glowing on screen. She leans forward. Her expression shifts from uncertain to focused.",(none),"A girl named María has been behind in algebra for two years. Today — she gets it.","Over-the-shoulder shot of a young Latina girl at a school desk focused on a glowing laptop AI tutor interface, warm lamplight, photorealistic, shallow depth of field"
V1,Centerpiece Plenary Trailer,Educators / SMB owners / Community / All 300,EN,3,0:14–0:26,"Wide classroom: teacher circling 20 desks, handwritten sign on wall: 'AI is a partner. The thinking is yours.' Warm, lived-in, real NCW school energy.",(none),"An AI tutor remembered what she got wrong on Monday. It asked her questions instead of giving answers.","Wide shot of a real K-8 classroom in a small Pacific Northwest town, students working on laptops, teacher walking among them, handwritten poster on wall, warm afternoon light, authentic documentary style"
V1,Centerpiece Plenary Trailer,Educators / SMB owners / Community / All 300,EN,4,0:26–0:35,"Push in on María's face — she's nodding. Then: a quick cut to her test score on paper, circled in green marker: +34%. Her teacher's hand in the frame, making the circle.",+34% (green large fades in),"After twenty-two minutes a day, for three months — she scored thirty-four percent higher than her peers.","Close-up of a student's test paper showing strong results, a teacher's hand circling a high score in green marker, warm desk lighting, photorealistic"
V1,Centerpiece Plenary Trailer,Educators / SMB owners / Community / All 300,EN,5,0:35–0:43,"María looks off-camera. She looks like an engineer. Full face reveal — determined, quiet, not performing.",(none),"She wants to be an engineer. For the first time — she thinks she can.","Close-up portrait of a young Latina girl in a classroom, looking off-camera with a thoughtful and determined expression, soft window light, photorealistic, warm tones"
V1,Centerpiece Plenary Trailer,Educators / SMB owners / Community / All 300,EN,6,0:43–0:52,"Color temperature shifts — slightly cooler. A different classroom. A boy (Jake) hunched over a laptop. His screen reflects in his glasses. The vibe is distracted, slightly guilty.",(none),"The same week. A kid named Jake used a chatbot to write seven essays.","A teenage boy hunched over a laptop in a classroom, his expression distracted and slightly guilty, screen reflected in his glasses, slightly cooler lighting than previous shots, photorealistic"
V1,Centerpiece Plenary Trailer,Educators / SMB owners / Community / All 300,EN,7,0:52–1:02,"A phone screen — a social media feed, blurred faces. Then: an empty desk in a classroom. A backpack still hanging on the chair back. The desk's chair is pushed in.",(none — let the empty desk land),"A classmate's image was weaponized in four minutes with a free app on a fourteen-year-old's phone. She stopped coming to school.","Empty school desk with a backpack still hanging on the chair, the rest of the classroom bustling with other students, the empty chair carrying emotional weight, documentary style, warm-cool contrast"
V1,Centerpiece Plenary Trailer,Educators / SMB owners / Community / All 300,EN,8,1:02–1:10,"Bar chart: Jake's critical-thinking score over 4 weeks, declining. Simple, handmade-looking. The number -15.3% appears.",-15.3% (muted red),"And Jake — after four weeks of letting AI decide what was true — lost fifteen percent of his own ability to think critically. He didn't know it was happening.","Simple hand-drawn style bar chart on a whiteboard showing a declining trend over 4 weeks, a teacher's marker highlighting the drop, -15.3% labeled in red, documentary close-up"
V1,Centerpiece Plenary Trailer,Educators / SMB owners / Community / All 300,EN,9,1:10–1:20,"Wide shot — Interior of the Wenatchee Convention Center ballroom, rows of seats, a stage. Empty — about to be filled. Camera pushes slowly toward the stage.","NORTH CENTRAL WASHINGTON (white lower third fades in slowly)","Both of these stories are real. Both happened in American schools this year. This room — right here, right now — is where North Central Washington decides which story becomes the default.","Wide interior shot of a convention center ballroom — rows of empty seats facing an empty stage, warm stage lighting, the room about to be filled, cinematic push-in, hopeful and weighty"
V1,Centerpiece Plenary Trailer,Educators / SMB owners / Community / All 300,EN,10,1:20–1:30,"Quick montage — three 2-second cuts: a teacher at a laptop Sunday morning smiling; an SMB owner reading an AI-drafted email nodding; a nonprofit leader at a whiteboard with three sticky notes labeled 'AI says / We checked / We decided.'","What if... (italic appears during montage)","What if AI asked your struggling student the right question instead of giving them the answer?","A relaxed teacher at a kitchen table on Sunday morning, smiling while reviewing a laptop, coffee nearby, warm natural light, authentic, not staged"
V1,Centerpiece Plenary Trailer,Educators / SMB owners / Community / All 300,EN,11,1:30–1:38,"The Demo Preview Shot. A single wide monitor split three ways: three AI interfaces (Gemini, Claude, ChatGPT) showing different answers to the same question. A synthesizer result panel appears on a fourth panel.","3 AIs. 1 question. Better together.","What if three AIs argued about a hard problem — and showed their reasoning — and then a human decided?","A wide monitor showing three AI chat interfaces side by side with different responses to the same question, a fourth synthesis panel emerging, clean UI, conceptual but realistic, warm ambient lighting"
V1,Centerpiece Plenary Trailer,Educators / SMB owners / Community / All 300,EN,12,1:38–1:46,"Close-up: a hand writing on a single sheet of paper — five lines, each beginning with a different phrase. 'Students MAY...' 'Students MUST...' At the bottom: a teacher's signature.","5 sentences. That's your policy.","What if your school had a written AI policy that fit on one page and actually got followed?","Close-up of a hand writing a short AI policy on a single piece of paper, five short lines visible, a signature line at the bottom, warm desk light, authentic handwriting style"
V1,Centerpiece Plenary Trailer,Educators / SMB owners / Community / All 300,EN,13,1:46–1:54,"Ken and Bob on stage — a preview shot, backs to camera, looking out at a full audience. The energy is about to happen.","Deep Think. Model Council. AiGovOps Foundation. (each term fades in on its own line)","That's not a dream. That's Deep Think. That's the Model Council. That's what the AiGovOps Foundation builds — for free, open source — for communities exactly like this one.","Two male presenters on a stage, backs to camera, looking out at a large full audience in a convention center, stage lights illuminating them from behind, cinematic, hopeful"
V1,Centerpiece Plenary Trailer,Educators / SMB owners / Community / All 300,EN,14,1:54–2:04,"Screen fill: three AI reasoning traces, stacked or side by side, visibly 'thinking' — reasoning text scrolling. Labels: GEMINI / CLAUDE / GPT-5.","GEMINI · CLAUDE · GPT-5","Today, in this room, you'll see three frontier AIs reason through a real question about a real NCW student — in real time.","Split-screen showing three AI reasoning interfaces side by side, each with scrolling thought traces, labeled Gemini, Claude, and GPT-5, modern clean UI, deep blue background, cinematic"
V1,Centerpiece Plenary Trailer,Educators / SMB owners / Community / All 300,EN,15,2:04–2:10,"A fourth panel appears: 'SYNTHESIS.' Five bullet points emerge one at a time. A glowing confidence score (1–5) appears next to each bullet.","SYNTHESIS · High confidence: 4 of 5 AIs agree",(music swell — no narration for 2 seconds),"A synthesis AI panel emerging on a screen with five bulleted takeaways and confidence scores 1-5 appearing next to each, modern interface, dramatic reveal lighting"
V1,Centerpiece Plenary Trailer,Educators / SMB owners / Community / All 300,EN,16,2:10–2:16,"Pull back to reveal: Ken at the podium, reading from the synthesis live. The audience is visibly leaning forward. A few people in the front row are taking notes.",(none — let the moment breathe),(continued narration runs under this shot — 'in real time.'),"A presenter at a podium reading results from a large projection screen showing AI synthesized results, audience leaning forward attentively, convention center setting, documentary style"
V1,Centerpiece Plenary Trailer,Educators / SMB owners / Community / All 300,EN,17,2:16–2:25,"A confident attendee — female, 40s, teacher lanyard — writing in her notebook. She circles something three times. Looks up at the screen. Nods.",(none),"You'll write your own AI policy. In five sentences. And when you walk out of here, you'll be at an eight.","A middle-aged female teacher in an audience setting writing in a notebook, circling a passage, looking up at a stage with a look of recognition and confidence, warm light, authentic"
V1,Centerpiece Plenary Trailer,Educators / SMB owners / Community / All 300,EN,18,2:25–2:32,"A confidence dot wall — a foam board covered in colored dot stickers. A hand moves one dot from the 5 column to the 8 column.","5 → 8 (appears as hand moves the dot)","You came in at a five.","Close-up of a foam board with colorful dot stickers in numbered columns, a hand moving a sticker from the 5 column to the 8 column, clean, warm light, conceptual shot"
V1,Centerpiece Plenary Trailer,Educators / SMB owners / Community / All 300,EN,19,2:32–2:42,"Aerial slow drone pull-back over Wenatchee — the Convention Center visible, the Columbia River, the Cascades. A city that is small, real, and beautiful. Evening golden light.","AI as Partner in Education (elegant white type centered)","AI as partner in education — this is what it looks like when a community decides to lead.","Aerial drone shot over downtown Wenatchee Washington at golden hour, Columbia River visible, Cascade Mountains in background, Convention Center visible, cinematic wide angle, photorealistic, hopeful"
V1,Centerpiece Plenary Trailer,Educators / SMB owners / Community / All 300,EN,20,2:42–2:48,"Return to María — same classroom, same window. But now she's smiling at something off-screen, not at the camera. Her Chromebook is open. She's working.",(none),(music only — 2 second breath before the final lines),"Close-up of a young Latina girl in a classroom, smiling slightly while focused on a laptop, warm morning light, the same girl from the opening shots, full circle moment"
V1,Centerpiece Plenary Trailer,Educators / SMB owners / Community / All 300,EN,21,2:48–2:56,"A single sheet of paper — the NCW AI Partnership Pledge — being signed. A hand writes a name. Then: the sheet is held up to the camera. First line readable: 'AI is a partner, not a replacement.'",(none),"Sign the pledge. Use the tools. Keep the receipts.","Close-up of a hand signing the NCW AI Partnership Pledge document, the pledge text partially visible, warm desk lighting, hopeful and deliberate"
V1,Centerpiece Plenary Trailer,Educators / SMB owners / Community / All 300,EN,22,2:56–3:00,"Final Card. Dark deep-green background. AiGovOps Foundation + NCW Tech Alliance logos. Text animates in one line at a time. QR code appears last.","AI AS PARTNER IN EDUCATION · NCW AI Expo · August 11 2026 · aigovops-foundation.com/ncw",(music only — warm orchestral resolve),"Minimalist title card on deep forest-green background, white sans-serif type, two small institutional logos, QR code at bottom center, professional event branding"
V1,Centerpiece Plenary Trailer,Educators / SMB owners / Community / All 300,ES,1,0:00–0:06,"Black screen. Single piano note. Extreme close-up: a young Latina girl's hand opens a Chromebook in a dim classroom at dawn. The screen lights her face. One window — the Columbia River barely visible through the glass.",(none),"Es martes por la mañana. En un salón de clases en Wenatchee.","Extreme close-up of a young Latina girl's hands opening a Chromebook in a dim K-8 classroom at dawn, one window with Columbia River visible outside, soft warm light, photorealistic, cinematic"
V1,Centerpiece Plenary Trailer,Educators / SMB owners / Community / All 300,ES,2,0:06–0:14,"Over-the-shoulder on María — AI tutor interface glowing on screen. She leans forward. Her expression shifts from uncertain to focused.",(none),"Una muchacha que se llama María lleva dos años batallando con el álgebra. Hoy — lo entiende.","Over-the-shoulder shot of a young Latina girl at a school desk focused on a glowing laptop AI tutor interface, warm lamplight, photorealistic, shallow depth of field"
V1,Centerpiece Plenary Trailer,Educators / SMB owners / Community / All 300,ES,3,0:14–0:26,"Wide classroom: teacher circling 20 desks, handwritten sign on wall: 'AI is a partner. The thinking is yours.' Warm, lived-in, real NCW school energy.",(none),"Un tutor de inteligencia artificial recuerda en qué se equivocó el lunes. No le da la respuesta — le hace una pregunta, luego otra.","Wide shot of a real K-8 classroom in a small Pacific Northwest town, students working on laptops, teacher walking among them, handwritten poster on wall, warm afternoon light, authentic documentary style"
V1,Centerpiece Plenary Trailer,Educators / SMB owners / Community / All 300,ES,4,0:26–0:35,"Push in on María's face — she's nodding. Quick cut to test score on paper circled in green: +34%.","+34% (verde grande aparece)","Después de veintidós minutos al día, durante tres meses, María sacó treinta y cuatro por ciento más que sus compañeros en el examen.","Close-up of a student's test paper showing strong results, a teacher's hand circling a high score in green marker, warm desk lighting, photorealistic"
V1,Centerpiece Plenary Trailer,Educators / SMB owners / Community / All 300,ES,5,0:35–0:43,"María looks off-camera. Determined. Full face reveal.",(none),"Quiere ser ingeniera. Por primera vez — siente que puede lograrlo.","Close-up portrait of a young Latina girl in a classroom, looking off-camera with a thoughtful and determined expression, soft window light, photorealistic, warm tones"
V1,Centerpiece Plenary Trailer,Educators / SMB owners / Community / All 300,ES,6,0:43–0:52,"Color temperature shifts — slightly cooler. Jake hunched over a laptop. Screen in his glasses.",(none),"La misma semana. Un muchacho que se llama Jake le dejó a un chatbot escribir siete ensayos.","A teenage boy hunched over a laptop in a classroom, his expression distracted and slightly guilty, screen reflected in his glasses, slightly cooler lighting than previous shots, photorealistic"
V1,Centerpiece Plenary Trailer,Educators / SMB owners / Community / All 300,ES,7,0:52–1:02,"A phone screen with blurred social media feed. Then: an empty desk in a classroom. A backpack still on the chair.",(none — let the empty desk land),"La imagen de una compañera fue usada como arma en cuatro minutos con una aplicación gratuita en el celular de un chico de catorce años. Ella dejó de ir a la escuela.","Empty school desk with a backpack still hanging on the chair, the rest of the classroom bustling with other students, the empty chair carrying emotional weight, documentary style, warm-cool contrast"
V1,Centerpiece Plenary Trailer,Educators / SMB owners / Community / All 300,ES,8,1:02–1:10,"Bar chart: Jake's critical-thinking score over 4 weeks, declining. The number -15.3% appears.","-15.3% (rojo apagado)","Y Jake — después de cuatro semanas dejándole a la IA decidir qué era verdad — perdió el quince por ciento de su propia capacidad para pensar con criterio. Él no se dio cuenta.","Simple hand-drawn style bar chart on a whiteboard showing a declining trend over 4 weeks, a teacher's marker highlighting the drop, -15.3% labeled in red, documentary close-up"
V1,Centerpiece Plenary Trailer,Educators / SMB owners / Community / All 300,ES,9,1:10–1:20,"Wide — Convention Center ballroom. Empty, about to be filled. Camera pushes toward stage.","NORTE CENTRAL DE WASHINGTON (blanco tercio inferior)","Las dos historias son reales. Las dos pasaron en escuelas americanas este año. Este salón — aquí, ahora mismo — es donde el Norte Central de Washington decide cuál de las dos se vuelve la norma.","Wide interior shot of a convention center ballroom — rows of empty seats facing an empty stage, warm stage lighting, the room about to be filled, cinematic push-in, hopeful and weighty"
V1,Centerpiece Plenary Trailer,Educators / SMB owners / Community / All 300,ES,10,1:20–1:30,"Quick montage — teacher on Sunday smiling; SMB owner reading AI email nodding; nonprofit leader at whiteboard with three sticky notes.","¿Y si...? (cursiva aparece durante el montaje)","¿Y si la IA le hiciera a su estudiante la pregunta correcta en vez de darle la respuesta?","A relaxed teacher at a kitchen table on Sunday morning, smiling while reviewing a laptop, coffee nearby, warm natural light, authentic, not staged"
V1,Centerpiece Plenary Trailer,Educators / SMB owners / Community / All 300,ES,11,1:30–1:38,"Wide monitor split three ways: three AI interfaces showing different answers. Synthesizer fourth panel appears.","3 IAs. 1 pregunta. Juntas son mejores.","¿Y si tres IAs debatieran un problema difícil — mostrando cómo piensan — y luego un ser humano decidiera?","A wide monitor showing three AI chat interfaces side by side with different responses to the same question, a fourth synthesis panel emerging, clean UI, conceptual but realistic, warm ambient lighting"
V1,Centerpiece Plenary Trailer,Educators / SMB owners / Community / All 300,ES,12,1:38–1:46,"Close-up: hand writing on a single sheet — five lines starting with different phrases. A teacher's signature at bottom.","5 oraciones. Esa es su política.","¿Y si su escuela tuviera una política de uso de la IA que cupiera en una página y de verdad se siguiera?","Close-up of a hand writing a short AI policy on a single piece of paper, five short lines visible, a signature line at the bottom, warm desk light, authentic handwriting style"
V1,Centerpiece Plenary Trailer,Educators / SMB owners / Community / All 300,ES,13,1:46–1:54,"Ken and Bob on stage — backs to camera, looking out at full audience.","Deep Think. Consejo de Modelos. Fundación AiGovOps. (aparece línea por línea)","Eso no es un sueño. Eso es Deep Think. Eso es el Consejo de Modelos. Eso es lo que construye la Fundación AiGovOps — gratuito, de código abierto — para comunidades exactamente como esta.","Two male presenters on a stage, backs to camera, looking out at a large full audience in a convention center, stage lights illuminating them from behind, cinematic, hopeful"
V1,Centerpiece Plenary Trailer,Educators / SMB owners / Community / All 300,ES,14,1:54–2:04,"Screen fill: three AI reasoning traces scrolling. Labels: GEMINI / CLAUDE / GPT-5.","GEMINI · CLAUDE · GPT-5","Hoy, en este salón, va a ver a tres IAs de vanguardia razonar sobre una pregunta real de un estudiante real de NCW — en tiempo real.","Split-screen showing three AI reasoning interfaces side by side, each with scrolling thought traces, labeled Gemini, Claude, and GPT-5, modern clean UI, deep blue background, cinematic"
V1,Centerpiece Plenary Trailer,Educators / SMB owners / Community / All 300,ES,15,2:04–2:10,"Fourth panel appears: 'SÍNTESIS.' Five bullet points emerge. Confidence score next to each.","SÍNTESIS · Alta confianza: 4 de 5 IAs coinciden",(música — sin narración 2 segundos),"A synthesis AI panel emerging on a screen with five bulleted takeaways and confidence scores 1-5 appearing next to each, modern interface, dramatic reveal lighting"
V1,Centerpiece Plenary Trailer,Educators / SMB owners / Community / All 300,ES,16,2:10–2:16,"Pull back to reveal: Ken at podium, reading from synthesis. Audience leaning forward.",(none),(la narración continúa debajo — 'en tiempo real.'),"A presenter at a podium reading results from a large projection screen showing AI synthesized results, audience leaning forward attentively, convention center setting, documentary style"
V1,Centerpiece Plenary Trailer,Educators / SMB owners / Community / All 300,ES,17,2:16–2:25,"A confident attendee — female, 40s, teacher lanyard — writing in notebook, circling something.",(none),"Va a escribir su propia política de IA. En cinco oraciones. Y cuando salga de aquí, va a estar en un ocho.","A middle-aged female teacher in an audience setting writing in a notebook, circling a passage, looking up at a stage with a look of recognition and confidence, warm light, authentic"
V1,Centerpiece Plenary Trailer,Educators / SMB owners / Community / All 300,ES,18,2:25–2:32,"Confidence dot wall — hand moves dot from 5 column to 8 column.","5 → 8 (aparece cuando la mano mueve el punto)","Entró en un cinco.","Close-up of a foam board with colorful dot stickers in numbered columns, a hand moving a sticker from the 5 column to the 8 column, clean, warm light, conceptual shot"
V1,Centerpiece Plenary Trailer,Educators / SMB owners / Community / All 300,ES,19,2:32–2:42,"Aerial drone pull-back over Wenatchee — Convention Center visible, Columbia River, Cascades. Golden light.","La IA como aliada en la educación (tipo blanco elegante centrado)","La IA como aliada en la educación — así es como se ve cuando una comunidad decide tomar la delantera.","Aerial drone shot over downtown Wenatchee Washington at golden hour, Columbia River visible, Cascade Mountains in background, Convention Center visible, cinematic wide angle, photorealistic, hopeful"
V1,Centerpiece Plenary Trailer,Educators / SMB owners / Community / All 300,ES,20,2:42–2:48,"Return to María — same classroom, same window. Now she's smiling at something off-screen. Chromebook open. Working.",(none),(música — pausa de 2 segundos antes de las líneas finales),"Close-up of a young Latina girl in a classroom, smiling slightly while focused on a laptop, warm morning light, the same girl from the opening shots, full circle moment"
V1,Centerpiece Plenary Trailer,Educators / SMB owners / Community / All 300,ES,21,2:48–2:56,"A single sheet — the NCW AI Partnership Pledge — being signed. Hand writes a name. Sheet held up to camera.",(none),"Firme la Promesa. Use las herramientas. Guarde el rastro.","Close-up of a hand signing the NCW AI Partnership Pledge document, the pledge text partially visible, warm desk lighting, hopeful and deliberate"
V1,Centerpiece Plenary Trailer,Educators / SMB owners / Community / All 300,ES,22,2:56–3:00,"Final Card. Dark deep-green background. AiGovOps Foundation + NCW Tech Alliance logos. Text animates in. QR code last.","LA IA COMO ALIADA EN LA EDUCACIÓN · NCW AI Expo · 11 de agosto 2026 · aigovops-foundation.com/ncw",(música — desenlace orquestal cálido),"Minimalist title card on deep forest-green background, white sans-serif type, two small institutional logos, QR code at bottom center, professional event branding"
V2,Cool Tools Breakout Intro,5/10 confidence majority / General public,EN,1,0:00–0:06,"A hand holding a phone, tentatively opening an AI chat app. Slightly nervous body language. Convention center hallway background, colorful name tags visible.",(none),"You've heard of AI. Maybe you've poked at ChatGPT once or twice. Maybe you figured it wasn't really for you.","Close-up of a hand nervously opening a smartphone AI chat app in a convention center hallway, blurred name tags and people in background, warm light, authentic documentary style"
V2,Cool Tools Breakout Intro,5/10 confidence majority / General public,EN,2,0:06–0:11,"Camera tilts up — we see the person's face. They're smiling now. A sign on the wall behind them: ROOM A.","Wrong room for that thought. (appears as speech, friendly font)","Wrong room for that thought. Right room for what's next.","A person in their 30s or 40s smiling in a convention center hallway, a sign behind them reading ROOM A, warm ambient light, candid and genuine"
V2,Cool Tools Breakout Intro,5/10 confidence majority / General public,EN,3,0:11–0:22,"A market booth — jars of hot sauce, hands picking them up one at a time, tasting. Quick match-cut to five browser tabs side by side on a laptop.","Taste-test five tools. (simple text overlay)","In the next hour, you're going to taste-test five AI tools the way you'd taste-test five hot sauces at a market booth — a little of each, decide what you like, go home with the one that works.","A farmers market hot sauce tasting booth, several small jars and sample cups, a hand picking up a small tasting spoon, warm outdoor market light, authentic NCW agricultural community feel"
V2,Cool Tools Breakout Intro,5/10 confidence majority / General public,EN,4,0:22–0:32,"Screen-capture style: someone types a short prompt into Gemini. AI outputs a polished email. Their expression: impressed.","One sentence → a real email.","You're going to watch a single sentence turn into a thank-you email your donor actually wants to read.","Person at a laptop in a casual setting typing a short prompt into an AI chat interface, a polished email response appearing on screen, their expression shifting to pleased surprise, warm light"
V2,Cool Tools Breakout Intro,5/10 confidence majority / General public,EN,5,0:32–0:40,"A person talks out loud — mic icon animating on screen. Text appears in real time (Wispr Flow). Then: text fed into Gemini — a 4-bullet plan appears.","Talk for 30 seconds. Get a plan.","You're going to talk out loud for thirty seconds about your week and watch AI hand you back a plan.","Person speaking naturally to their laptop, a voice transcription interface showing text appearing in real time, then a clean AI-generated plan appearing below, photorealistic, casual home or office setting"
V2,Cool Tools Breakout Intro,5/10 confidence majority / General public,EN,6,0:40–0:48,"Gamma.app: someone types a short prompt. A 5-slide deck generates in 4 seconds — slide titles appear one by one. Person holds up their phone showing the same deck.","Blank → 5 slides. 4 minutes.","You're going to go from a blank slide to a five-slide deck in four minutes — on your phone if that's all you've got.","A person using the Gamma app on a smartphone, a presentation generating in real time showing slide previews appearing, a look of delighted surprise on their face, warm light"
V2,Cool Tools Breakout Intro,5/10 confidence majority / General public,EN,7,0:48–0:55,"The confidence dot wall — a hand places a sticker at '5.' Then another hand moves it to '7.' Quick, playful.","5 → 7. That's the deal.","You came in at a five. You're leaving at a seven. That's the whole deal.","A fun foam-board confidence meter with dot stickers in numbered columns, a hand moving a sticker from 5 to 7, colorful, playful, convention setting"
V2,Cool Tools Breakout Intro,5/10 confidence majority / General public,EN,8,0:55–1:02,"The door to Room A — wide open, people already filing in. A helper at the door smiling, handing something out.","ROOM A (bold clean large) · Starts right now.","Room A. Starts right now.","Wide shot of a convention center breakout room door with a ROOM A sign, attendees walking in, a friendly helper at the door, warm lighting, welcoming and accessible atmosphere"
V2,Cool Tools Breakout Intro,5/10 confidence majority / General public,EN,9,1:02–1:10,"Inside Room A: tables with laptops open, a big screen at the front showing the Gemini interface. Helpers at every table. Workshop feel.",(none),"Bring whatever you've got — phone, laptop, tablet.","Interior of a workshop-style conference breakout room, attendees seated at tables with open laptops and phones, a large screen at the front, helpers circulating, warm and engaged atmosphere"
V2,Cool Tools Breakout Intro,5/10 confidence majority / General public,EN,10,1:10–1:18,"Close-up: a hand pulling a phone out of a pocket, opening a browser. Quick cut: same phone showing an AI-generated output.","Your first AI co-pilot. (warm medium-size type)","Your first AI co-pilot is waiting.","Close-up of a phone being pulled from a pocket and opened to a browser, then a cut to the same phone showing a completed AI chat response, hands and phone only, warm ambient light"
V2,Cool Tools Breakout Intro,5/10 confidence majority / General public,EN,11,1:18–1:30,"Final Card. Clean warm sage-green background. Cool Tools logo/title. QR code. URL. Date/time/room.","COOL TOOLS · Room A · 9:00 & 10:15 AM · Walk in. Bring a device. · ncwtech.org/ai-camp",(music resolves — upbeat warm landing),"Clean event title card on a warm sage-green background, bold clean white typography, QR code bottom center, breakout session branding"
V2,Cool Tools Breakout Intro,5/10 confidence majority / General public,ES,1,0:00–0:06,"Una mano sosteniendo un teléfono, abriendo nerviosamente una app de chat de IA. Pasillo de centro de convenciones al fondo, gafetes coloridos visibles.",(none),"Ya has escuchado hablar de la IA. Quizás una vez probaste ChatGPT. Quizás pensaste que eso no era para ti.","Close-up of a hand nervously opening a smartphone AI chat app in a convention center hallway, blurred name tags and people in background, warm light, authentic documentary style"
V2,Cool Tools Breakout Intro,5/10 confidence majority / General public,ES,2,0:06–0:11,"Camera tilts up — the same person smiling. A sign on the wall: SALÓN A.","Ese pensamiento lo dejamos en la puerta. (aparece como texto amigable)","Ese pensamiento lo dejamos en la puerta. Lo que viene — eso sí es para ti.","A person in their 30s or 40s smiling in a convention center hallway, a sign behind them reading ROOM A, warm ambient light, candid and genuine"
V2,Cool Tools Breakout Intro,5/10 confidence majority / General public,ES,3,0:11–0:22,"Puesto de mercado — frascos de salsa, manos probando. Quick match-cut a cinco pestañas abiertas en una laptop.","Prueba cinco herramientas. (texto simple)","En la próxima hora vas a probar cinco herramientas de IA igual que probarías cinco salsas en un puesto del mercado — un poco de cada una, decides cuál te gusta, y te llevas la que funciona.","A farmers market hot sauce tasting booth, several small jars and sample cups, a hand picking up a small tasting spoon, warm outdoor market light, authentic NCW agricultural community feel"
V2,Cool Tools Breakout Intro,5/10 confidence majority / General public,ES,4,0:22–0:32,"Screen-capture: alguien escribe un prompt corto en Gemini. La IA produce un correo pulido. Su expresión: impresionada.","Una oración → un correo real.","Vas a ver cómo una sola oración se convierte en el correo de agradecimiento que tu donante de verdad quiere leer.","Person at a laptop in a casual setting typing a short prompt into an AI chat interface, a polished email response appearing on screen, their expression shifting to pleased surprise, warm light"
V2,Cool Tools Breakout Intro,5/10 confidence majority / General public,ES,5,0:32–0:40,"Una persona habla en voz alta — ícono de micrófono animado en pantalla. Texto aparece en tiempo real (Wispr Flow). Luego: texto a Gemini — plan de 4 puntos aparece.","Habla 30 segundos. Obtén un plan.","Vas a hablar treinta segundos de tu semana y la IA te va a devolver un plan.","Person speaking naturally to their laptop, a voice transcription interface showing text appearing in real time, then a clean AI-generated plan appearing below, photorealistic, casual home or office setting"
V2,Cool Tools Breakout Intro,5/10 confidence majority / General public,ES,6,0:40–0:48,"Gamma.app: alguien escribe un prompt corto. Presentación de 5 diapositivas se genera. La persona la muestra en su teléfono.","Pantalla en blanco → 5 diapositivas. 4 minutos.","Vas a pasar de una pantalla en blanco a una presentación de cinco diapositivas en cuatro minutos — con el teléfono si eso es todo lo que traes.","A person using the Gamma app on a smartphone, a presentation generating in real time showing slide previews appearing, a look of delighted surprise on their face, warm light"
V2,Cool Tools Breakout Intro,5/10 confidence majority / General public,ES,7,0:48–0:55,"El mural de puntos de confianza — una mano pone un punto en '5'. Otra mano lo mueve al '7'. Rápido, juguetón.","5 → 7. Ese es el trato.","Entraste en un cinco. Vas a salir en un siete. Ese es el trato.","A fun foam-board confidence meter with dot stickers in numbered columns, a hand moving a sticker from 5 to 7, colorful, playful, convention setting"
V2,Cool Tools Breakout Intro,5/10 confidence majority / General public,ES,8,0:55–1:02,"La puerta del Salón A — abierta, personas entrando. Un ayudante en la puerta sonriendo, entregando materiales.","SALÓN A (negritas grandes) · Empieza ahorita.","Salón A. Empieza ahorita.","Wide shot of a convention center breakout room door with a ROOM A sign, attendees walking in, a friendly helper at the door, warm lighting, welcoming and accessible atmosphere"
V2,Cool Tools Breakout Intro,5/10 confidence majority / General public,ES,9,1:02–1:10,"Dentro del Salón A: mesas con laptops abiertas, pantalla grande mostrando Gemini. Ayudantes en cada mesa.",(none),"Trae lo que tengas — teléfono, computadora, tablet.","Interior of a workshop-style conference breakout room, attendees seated at tables with open laptops and phones, a large screen at the front, helpers circulating, warm and engaged atmosphere"
V2,Cool Tools Breakout Intro,5/10 confidence majority / General public,ES,10,1:10–1:18,"Close-up: una mano saca un teléfono del bolsillo, abre un navegador. Quick cut: mismo teléfono mostrando un resultado de IA.","Tu primer copiloto de IA. (tipo cálido mediano)","Tu primer copiloto de IA te está esperando.","Close-up of a phone being pulled from a pocket and opened to a browser, then a cut to the same phone showing a completed AI chat response, hands and phone only, warm ambient light"
V2,Cool Tools Breakout Intro,5/10 confidence majority / General public,ES,11,1:18–1:30,"Tarjeta final. Fondo verde salvia cálido. Título Cool Tools. Código QR. URL. Fecha/hora/salón.","COOL TOOLS · Salón A · 9:00 & 10:15 AM · Entra. Trae un dispositivo. · ncwtech.org/ai-camp",(música — desenlace animado y cálido),"Clean event title card on a warm sage-green background, bold clean white typography, QR code bottom center, breakout session branding"
V3,Cool Schools Breakout Intro,K-12 teachers / librarians / principals / district staff,EN,1,0:00–0:07,"A teacher at a kitchen table, Sunday evening. Dim lamp. Papers spread out, laptop open, coffee gone cold.",(none),"You already know Sunday nights. The lesson plan that isn't done. The parent email you don't want to send.","A teacher sitting at a kitchen table on a Sunday evening, papers spread out, cold coffee cup, lamplight, tired but not defeated, authentic and unstaged, photorealistic"
V3,Cool Schools Breakout Intro,K-12 teachers / librarians / principals / district staff,EN,2,0:07–0:14,"Same teacher — but now it's 7:45 PM. They close the laptop. Smile. The Sunday is done. Early.","What if Sunday took an hour? (gentle italic)","What if Sunday night took an hour instead of four?","A teacher closing their laptop at a kitchen table at dusk, smiling with relief, the table now clear, warm lamplight, the sense of getting time back"
V3,Cool Schools Breakout Intro,K-12 teachers / librarians / principals / district staff,EN,3,0:14–0:24,"NotebookLM interface on screen: a PDF chapter loads, five discussion questions populate instantly, a 'cite page' chip appears. Over-the-shoulder view.","5 questions. 2 vocab words. Board summary. In 40 seconds.","Today you're going to drop a chapter of The Giver into NotebookLM — and get five discussion questions, two vocabulary words a sixth grader might miss, and a one-paragraph board summary, with citations back to the page. In about forty seconds.","Over-the-shoulder shot of a teacher using the NotebookLM interface, a PDF document loaded, discussion questions and vocabulary terms generating on screen, warm desk lighting, photorealistic"
V3,Cool Schools Breakout Intro,K-12 teachers / librarians / principals / district staff,EN,4,0:24–0:34,"Split-screen — three columns: same paragraph at three different reading levels. A teacher's finger slides between them on a touchscreen.","1st grade · 6th grade · 9th grade (three column headers)","You're going to rewrite a 1st-grade reading passage at three different grade levels — simultaneously.","Split-screen showing the same reading passage rewritten at three different grade levels side by side, a teacher's finger on a tablet screen comparing them, warm classroom light"
V3,Cool Schools Breakout Intro,K-12 teachers / librarians / principals / district staff,EN,5,0:34–0:42,"A 'frustrated' email draft visible on screen (first version). Then: the AI-softened version. A teacher reads the second version, their shoulder visibly relaxes.","Frustrated → Landing.","You're going to turn a frustrated parent email into one that lands.","Split screen showing a tense parent email draft alongside an AI-revised warm version, a teacher's expression relaxing as they read the improved version, authentic, warm office light"
V3,Cool Schools Breakout Intro,K-12 teachers / librarians / principals / district staff,EN,6,0:42–0:52,"Gamma: a 5-slide lesson deck generates. Then: ElevenLabs — teacher's paragraph pasted, a voice audio clip plays. A small phone showing headphones emoji — an ELL student listening at home.","A lesson deck. A voice clip. Their language.","And you're going to build a five-slide lesson deck that your ELL students can replay at home — in their own language.","A teacher using Gamma app to generate a lesson slide deck, then switching to ElevenLabs to generate a voice-over audio file, the screen showing both tools, warm lighting"
V3,Cool Schools Breakout Intro,K-12 teachers / librarians / principals / district staff,EN,7,0:52–1:00,"A teacher writing on a single notepad page — five lines. 'Students MAY use AI for ___.' They finish, hold it up, satisfied.","5 sentences. That's your policy.","And — because this matters — you're going to write an AI policy for your classroom in five sentences. Short. Written. Yours.","A teacher writing a short AI policy in five lines on a notepad at their desk, a simple and determined expression, warm classroom light, authentic feel"
V3,Cool Schools Breakout Intro,K-12 teachers / librarians / principals / district staff,EN,8,1:00–1:08,"A librarian and a principal comparing the same one-pager — nodding. 'AI Policy' at the top of the page.",(none),(narration ends; music carries),"A librarian and a school principal sitting across from each other at a small table, each holding a one-page document, nodding in agreement, warm light, authentic, not staged"
V3,Cool Schools Breakout Intro,K-12 teachers / librarians / principals / district staff,EN,9,1:08–1:14,"The door to Room B — open, welcoming. A small sign: 'Cool Schools · K-12 Teachers & School Staff.' A few early arrivers visible inside.","ROOM B (bold clean)","Room B. Right after this.","A breakout room door with a friendly sign reading Cool Schools, open and welcoming, a few attendees visible inside, warm convention center light"
V3,Cool Schools Breakout Intro,K-12 teachers / librarians / principals / district staff,EN,10,1:14–1:22,"A teacher at a table pulling out a folder — inside: a real lesson plan, dog-eared. They're ready to work.",(none),"Bring a real lesson you're working on.","A teacher at a workshop table pulling out a dog-eared lesson plan from a folder, ready to work, authentic and practical energy, warm light"
V3,Cool Schools Breakout Intro,K-12 teachers / librarians / principals / district staff,EN,11,1:22–1:30,"Final Card. Warm cream/ochre background. Cool Schools title. Room/time/URL. QR code.","COOL SCHOOLS · Room B · 9:00 AM & 10:15 AM · Walk in. Bring a real lesson. · ncwtech.org/ai-camp",(warm acoustic guitar landing),"Clean event title card on a warm ochre background, bold elegant white typography, QR code bottom center, breakout session branding"
V3,Cool Schools Breakout Intro,K-12 teachers / librarians / principals / district staff,ES,1,0:00–0:07,"Una maestra en la mesa de la cocina, domingo por la noche. Lámpara tenue. Papeles regados, laptop abierta, café frío.",(none),"Ya sabes lo que es el domingo por la noche. La planeación de clase que no está terminada. El correo al papá que no quieres mandar.","A teacher sitting at a kitchen table on a Sunday evening, papers spread out, cold coffee cup, lamplight, tired but not defeated, authentic and unstaged, photorealistic"
V3,Cool Schools Breakout Intro,K-12 teachers / librarians / principals / district staff,ES,2,0:07–0:14,"La misma maestra — son las 7:45 PM. Cierra la laptop. Sonríe. Terminó antes.","¿Y si el domingo te tomara una hora? (cursiva suave)","¿Y si el domingo por la noche te tomara una hora en vez de cuatro?","A teacher closing their laptop at a kitchen table at dusk, smiling with relief, the table now clear, warm lamplight, the sense of getting time back"
V3,Cool Schools Breakout Intro,K-12 teachers / librarians / principals / district staff,ES,3,0:14–0:24,"NotebookLM en pantalla: un capítulo PDF carga, cinco preguntas de análisis aparecen, un chip de 'citar página' aparece. Vista sobre el hombro.","5 preguntas. 2 palabras de vocabulario. Resumen de pizarrón. En 40 segundos.","Hoy vas a subir un capítulo de El Dador a NotebookLM — y vas a obtener cinco preguntas de análisis, dos palabras de vocabulario que un alumno de sexto podría confundir, y un resumen de un párrafo para escribir en el pizarrón, con referencias a la página exacta. En unos cuarenta segundos.","Over-the-shoulder shot of a teacher using the NotebookLM interface, a PDF document loaded, discussion questions and vocabulary terms generating on screen, warm desk lighting, photorealistic"
V3,Cool Schools Breakout Intro,K-12 teachers / librarians / principals / district staff,ES,4,0:24–0:34,"Pantalla dividida — tres columnas: el mismo párrafo en tres niveles de dificultad. El dedo de la maestra deslizándose entre ellos en pantalla táctil.","1° primaria · 6° primaria · Preparatoria (encabezados de columna)","Vas a reescribir un texto de primero de primaria en tres niveles de dificultad — al mismo tiempo.","Split-screen showing the same reading passage rewritten at three different grade levels side by side, a teacher's finger on a tablet screen comparing them, warm classroom light"
V3,Cool Schools Breakout Intro,K-12 teachers / librarians / principals / district staff,ES,5,0:34–0:42,"Un borrador de correo frustrado visible en pantalla. Luego: la versión mejorada por la IA. La maestra la lee, su hombro se relaja.","Frustrado → Aterriza bien.","Vas a convertir un correo de papá frustrado en uno que sí llega bien.","Split screen showing a tense parent email draft alongside an AI-revised warm version, a teacher's expression relaxing as they read the improved version, authentic, warm office light"
V3,Cool Schools Breakout Intro,K-12 teachers / librarians / principals / district staff,ES,6,0:42–0:52,"Gamma: una presentación de 5 diapositivas se genera. Luego: ElevenLabs — párrafo pegado, clip de voz generado. Un teléfono pequeño mostrando un emoji de audífonos — un estudiante de ELL escuchando en casa.","Una presentación. Un clip de voz. En su idioma.","Y vas a armar una presentación de cinco diapositivas que tus estudiantes de inglés como segunda lengua puedan repasar en casa — en su idioma.","A teacher using Gamma app to generate a lesson slide deck, then switching to ElevenLabs to generate a voice-over audio file, the screen showing both tools, warm lighting"
V3,Cool Schools Breakout Intro,K-12 teachers / librarians / principals / district staff,ES,7,0:52–1:00,"Una maestra escribe en una hoja de bloc — cinco líneas. 'Los estudiantes PUEDEN usar IA para ___.' Termina, satisfecha.","5 oraciones. Esa es su política.","Y — porque esto importa — vas a escribir una política de uso de IA para tu salón en cinco oraciones. Corta. Escrita. Tuya.","A teacher writing a short AI policy in five lines on a notepad at their desk, a simple and determined expression, warm classroom light, authentic feel"
V3,Cool Schools Breakout Intro,K-12 teachers / librarians / principals / district staff,ES,8,1:00–1:08,"Una bibliotecaria y un director comparando el mismo documento de una página — asintiendo.",(none),(narración termina; música lleva),"A librarian and a school principal sitting across from each other at a small table, each holding a one-page document, nodding in agreement, warm light, authentic, not staged"
V3,Cool Schools Breakout Intro,K-12 teachers / librarians / principals / district staff,ES,9,1:08–1:14,"La puerta del Salón B — abierta, acogedora. Un letrero pequeño: 'Cool Schools · Maestros y Personal Escolar.'","SALÓN B (negritas)","Salón B. Justo después de esto.","A breakout room door with a friendly sign reading Cool Schools, open and welcoming, a few attendees visible inside, warm convention center light"
V3,Cool Schools Breakout Intro,K-12 teachers / librarians / principals / district staff,ES,10,1:14–1:22,"Una maestra en una mesa sacando una carpeta — adentro: una planeación real, manoseada.",(none),"Trae una clase real en la que estés trabajando.","A teacher at a workshop table pulling out a dog-eared lesson plan from a folder, ready to work, authentic and practical energy, warm light"
V3,Cool Schools Breakout Intro,K-12 teachers / librarians / principals / district staff,ES,11,1:22–1:30,"Tarjeta final. Fondo crema/ocre cálido. Título Cool Schools. Salón/hora/URL. Código QR.","COOL SCHOOLS · Salón B · 9:00 AM & 10:15 AM · Entra. Trae una clase real. · ncwtech.org/ai-camp",(guitarra acústica cálida de cierre),"Clean event title card on a warm ochre background, bold elegant white typography, QR code bottom center, breakout session branding"
V4,The Rules Breakout Intro,SMB owners / nonprofits / government staff,EN,1,0:00–0:08,"A small business owner at a desk. On their screen: a free AI chat tool. Their finger hovers over the paste button. A spreadsheet with visible customer data in the background.",(none),"You've probably heard a story by now about a company that pasted customer data into a free AI tool and had a very bad week.","A small business owner at a desk, mouse hovering over paste in an AI chat interface, a spreadsheet with customer data visible on a second screen in the background, slightly tense expression, warm office light"
V4,The Rules Breakout Intro,SMB owners / nonprofits / government staff,EN,2,0:08–0:13,"Same owner — but now they're smiling. They close that spreadsheet. They open a clean blank chat interface instead. Intentional.","That story doesn't have to be yours. (warm direct type)","That story doesn't have to be yours.","Same business owner now smiling, closing a sensitive spreadsheet and opening a clean AI chat window with intentionality, confident expression, warm light"
V4,The Rules Breakout Intro,SMB owners / nonprofits / government staff,EN,3,0:13–0:23,"Fast montage — five quick 1.5-second shots of Friday-killing tasks: overflowing inbox; messy meeting-notes notebook; blank social media scheduler; spreadsheet with red flags; sticky note reading 'call Dave about the return.'","Five jobs. Five Fridays. Gone.","In this hour, you're going to hand five jobs to AI — the five you do every week that eat your Fridays.","Quick montage of small business Friday tasks: overflowing email inbox, messy handwritten meeting notes, blank social media post scheduler, flagged spreadsheet rows, a sticky note reminder"
V4,The Rules Breakout Intro,SMB owners / nonprofits / government staff,EN,4,0:23–0:34,"Gemini on screen: an AI drafts a customer email in 10 seconds. Then: Granola transcribing a meeting. Then: Gemini generating a week of social posts. Quick cuts, each 3 seconds.","60 seconds. Each.","Customer email. Meeting recap. Social posts. Spreadsheet cleanup. The hard conversation you've been putting off. All of them. In under sixty seconds each.","Split-screen showing Gemini drafting a professional customer email, then Granola auto-transcribing meeting notes, then a social media calendar filling in automatically, clean interfaces, warm light"
V4,The Rules Breakout Intro,SMB owners / nonprofits / government staff,EN,5,0:34–0:44,"Ken and Bob at a whiteboard — clean, serious, not stiff. Three lines: RULE 1 / RULE 2 / RULE 3. Bob circles all three.","THE 3 RULES (bold no-nonsense)","And then — the part nobody else teaches you today — three rules that prevent the bad week.","Two professional men at a whiteboard with three numbered rules listed, one is circling the rules with a marker, serious but warm, workshop setting, clean bright lighting"
V4,The Rules Breakout Intro,SMB owners / nonprofits / government staff,EN,6,0:44–0:52,"Close-up on the whiteboard — RULE 1: 'Never paste private data into a free tool.' A hand underlines it with red marker.","Rule 1: No private data in free tools. (red underline appears)","No 200-page binder. Three rules. One of them is: never paste private data into a free tool.","Close-up of a whiteboard with Rule 1 written in clear marker text: 'Never paste private data into a free tool,' a hand underlining it in red, clean workshop aesthetic"
V4,The Rules Breakout Intro,SMB owners / nonprofits / government staff,EN,7,0:52–0:58,"RULE 2 on whiteboard: 'Human approves anything to a customer.' RULE 3: 'Keep the receipts.' Quick dissolve between them.","Rule 2 · Rule 3 (each appears in sequence)","One of them is: a human approves anything that goes to a customer. One of them is: keep the receipts.","Whiteboard close-up showing Rules 2 and 3 written clearly, clean and authoritative, warm workshop lighting"
V4,The Rules Breakout Intro,SMB owners / nonprofits / government staff,EN,8,0:58–1:05,"Title card style shot — silhouettes of a large corporate skyscraper vs. a small storefront on Main Street. Arrow pointing to the storefront: 'Free. Today.'","Seven figures → free. One hour.","Big companies pay seven figures to have people teach them this. You're getting it for free. In an hour.","Split graphic showing a large corporate glass tower on the left and a small welcoming main street storefront on the right with an arrow pointing to the storefront labeled 'Free Today,' clean minimal graphic style"
V4,The Rules Breakout Intro,SMB owners / nonprofits / government staff,EN,9,1:05–1:12,"A business owner writing their 5-sentence AI policy. We see: 'At [Business], we use AI to...' They finish. Sign it. Fold it. Put it on their desk.","5 sentences. Your policy. Done.",(music only — this is a closing image moment),"A small business owner writing a short 5-line AI policy on a notepad, signing it, then folding it neatly and placing it prominently on their desk, warm office light, sense of resolution"
V4,The Rules Breakout Intro,SMB owners / nonprofits / government staff,EN,10,1:12–1:20,"The door to Room B — a second sign: 'The Rules · Safe & Sane AI for Business.' Ken and Bob visible inside through the glass, setting up.","ROOM B · 10:15 AM (clean bold)","Room B. Ten-fifteen. Bring a real problem from your business.","Convention center breakout room door with a sign reading 'The Rules: Safe and Sane AI for Business,' two presenters visible inside setting up, welcoming atmosphere"
V4,The Rules Breakout Intro,SMB owners / nonprofits / government staff,EN,11,1:20–1:30,"Final Card. Deep river-blue background. The Rules title. Room/time/URL. QR code.","THE RULES · Room B · 10:15 AM · Bring a real problem. · aigovops-foundation.com/ncw",(music: warm resolved no-nonsense close),"Clean title card on deep river-blue background, bold white sans-serif typography, QR code bottom center, professional event branding"
V4,The Rules Breakout Intro,SMB owners / nonprofits / government staff,ES,1,0:00–0:08,"Un dueño de negocio pequeño en su escritorio. En su pantalla: una herramienta de IA gratuita. Su dedo sobre el botón de pegar. Una hoja de cálculo con datos de clientes al fondo.",(none),"Seguro ya escuchaste alguna historia de una empresa que pegó datos de clientes en una herramienta de IA gratuita y pasó una semana muy difícil.","A small business owner at a desk, mouse hovering over paste in an AI chat interface, a spreadsheet with customer data visible on a second screen in the background, slightly tense expression, warm office light"
V4,The Rules Breakout Intro,SMB owners / nonprofits / government staff,ES,2,0:08–0:13,"El mismo dueño — ahora sonriendo. Cierra esa hoja de cálculo. Abre una ventana de chat limpia. Intencional.","Esa historia no tiene que ser la tuya. (tipo cálido directo)","Esa historia no tiene que ser la tuya.","Same business owner now smiling, closing a sensitive spreadsheet and opening a clean AI chat window with intentionality, confident expression, warm light"
V4,The Rules Breakout Intro,SMB owners / nonprofits / government staff,ES,3,0:13–0:23,"Montaje rápido — cinco tomas de 1.5 segundos de las tareas que se comen los viernes: bandeja de entrada desbordada; notas de reunión caóticas; programador de redes sociales en blanco; hoja con alertas rojas; nota adhesiva: 'llamar a David por la devolución.'","Cinco trabajos. Cinco viernes. Se van.","En esta hora le vas a dar cinco trabajos a la IA — los cinco que te comen los viernes cada semana.","Quick montage of small business Friday tasks: overflowing email inbox, messy handwritten meeting notes, blank social media post scheduler, flagged spreadsheet rows, a sticky note reminder"
V4,The Rules Breakout Intro,SMB owners / nonprofits / government staff,ES,4,0:23–0:34,"Gemini en pantalla: la IA redacta un correo al cliente en 10 segundos. Luego: Granola transcribiendo una reunión. Luego: Gemini generando una semana de publicaciones.","60 segundos. Cada uno.","Correo al cliente. Resumen de reunión. Publicaciones para redes. Limpiar la hoja de cálculo. La conversación difícil que has estado posponiendo. Todo eso. En menos de sesenta segundos cada uno.","Split-screen showing Gemini drafting a professional customer email, then Granola auto-transcribing meeting notes, then a social media calendar filling in automatically, clean interfaces, warm light"
V4,The Rules Breakout Intro,SMB owners / nonprofits / government staff,ES,5,0:34–0:44,"Ken y Bob en un pizarrón — serios pero cálidos. Tres líneas: REGLA 1 / REGLA 2 / REGLA 3. Bob encierra las tres en un círculo.","LAS 3 REGLAS (negritas directas)","Y luego — lo que nadie más te enseña hoy — tres reglas que evitan esa semana difícil.","Two professional men at a whiteboard with three numbered rules listed, one is circling the rules with a marker, serious but warm, workshop setting, clean bright lighting"
V4,The Rules Breakout Intro,SMB owners / nonprofits / government staff,ES,6,0:44–0:52,"Primer plano del pizarrón — REGLA 1: 'Nunca pegues información privada en una herramienta gratuita.' Una mano la subraya con marcador rojo.","Regla 1: Sin datos privados en herramientas gratuitas. (subrayado rojo aparece)","Sin un manual de doscientas páginas. Tres reglas. Una es: nunca pegues información privada en una herramienta gratuita.","Close-up of a whiteboard with Rule 1 written in clear marker text: 'Never paste private data into a free tool,' a hand underlining it in red, clean workshop aesthetic"
V4,The Rules Breakout Intro,SMB owners / nonprofits / government staff,ES,7,0:52–0:58,"REGLA 2 en pizarrón: 'Un ser humano aprueba todo lo que le llega a un cliente.' REGLA 3: 'Guarda el rastro.' Disolvencia rápida entre ellas.","Regla 2 · Regla 3 (cada una aparece en secuencia)","Una es: un ser humano aprueba todo lo que le llega a un cliente. Una es: guarda el rastro.","Whiteboard close-up showing Rules 2 and 3 written clearly, clean and authoritative, warm workshop lighting"
V4,The Rules Breakout Intro,SMB owners / nonprofits / government staff,ES,8,0:58–1:05,"Siluetas: un gran edificio corporativo vs. un pequeño negocio de Main Street. Flecha apuntando al negocio: 'Gratis. Hoy.'","Fortunas → gratis. Una hora.","Las empresas grandes pagan fortunas para que alguien les enseñe esto. Tú lo obtienes gratis. En una hora.","Split graphic showing a large corporate glass tower on the left and a small welcoming main street storefront on the right with an arrow pointing to the storefront labeled 'Gratis Hoy,' clean minimal graphic style"
V4,The Rules Breakout Intro,SMB owners / nonprofits / government staff,ES,9,1:05–1:12,"Un dueño de negocio escribe su política de IA en 5 oraciones. Termina. La firma. La dobla. La pone en su escritorio.","5 oraciones. Tu política. Lista.",(música — imagen de cierre),"A small business owner writing a short 5-line AI policy on a notepad, signing it, then folding it neatly and placing it prominently on their desk, warm office light, sense of resolution"
V4,The Rules Breakout Intro,SMB owners / nonprofits / government staff,ES,10,1:12–1:20,"La puerta del Salón B — un segundo letrero: 'Las Reglas · IA Segura y Sensata para Negocios.' Ken y Bob visibles adentro, preparándose.","SALÓN B · 10:15 AM (negritas)","Salón B. A las diez y cuarto. Trae un problema real de tu negocio.","Convention center breakout room door with a sign reading 'The Rules: Safe and Sane AI for Business,' two presenters visible inside setting up, welcoming atmosphere"
V4,The Rules Breakout Intro,SMB owners / nonprofits / government staff,ES,11,1:20–1:30,"Tarjeta final. Fondo azul río profundo. Título Las Reglas. Salón/hora/URL. Código QR.","LAS REGLAS · Salón B · 10:15 AM · Trae un problema real. · aigovops-foundation.com/ncw",(música: cierre cálido resuelto directo),"Clean title card on deep river-blue background, bold white sans-serif typography, QR code bottom center, professional event branding"
V5,Build It in 60 Breakout Intro,6/10+ builders / early adopters / makers,EN,1,0:00–0:07,"A person (late 20s–30s, tech-adjacent but not corporate) with a half-built AI chat interface on their laptop. They've started something. They stare at it.",(none),"You already know the tools exist. You've prompted a few things. You've wondered: could I actually build something?","A person in their late 20s or early 30s at a laptop in a casual workspace, a half-built AI chat interface on screen, thoughtful expression, slightly stuck but not defeated, warm ambient light"
V5,Build It in 60 Breakout Intro,6/10+ builders / early adopters / makers,EN,2,0:07–0:11,"Cut to: same person — same room — but now typing fast, focused, lit up. The screen shows something finished.","Yes. And you're about to. (bold fast punchy)","Yes. And you're about to.","Same person now typing energetically on their laptop, an AI interface on screen showing a completed and working product, lit-up and focused expression, warm light, same setting"
V5,Build It in 60 Breakout Intro,6/10+ builders / early adopters / makers,EN,3,0:11–0:22,"A finished demo: the 'Orchard Helper' Gemini Gem on screen. A text prompt: 'What's our cold-spray protocol below 28°F?' Answer populates in 3 seconds — perfect, branded, in-voice.","Your files. Your voice. Your agent.","In the next hour you're going to build a custom AI agent for your real business or classroom — one that knows your files, answers in your voice, and says exactly the right thing.","A finished Gemini Gem AI agent interface on screen labeled 'Orchard Helper,' answering a specific operational question with a perfect branded response, a person reading it and nodding with approval, warm light"
V5,Build It in 60 Breakout Intro,6/10+ builders / early adopters / makers,EN,4,0:22–0:30,"The Lovable or Bolt interface: a prompt types in: 'Build a single-page site where customers can ask [Business Name] questions. Brand in green and white.' A website visibly generates — live.","Type. Generate. Done.","Then you're going to stress-test it — try to break it with tricky questions — and add the two lines that turn it from a toy into a tool.","A Lovable or Bolt website builder interface with a simple natural language prompt being typed, a webpage design generating in real-time below the prompt, excitement and motion, clean UI"
V5,Build It in 60 Breakout Intro,6/10+ builders / early adopters / makers,EN,5,0:30–0:38,"Two people at adjacent tables — one tries to break the other's agent. Screen visible: 'Are you human?' The agent responds: 'I'm an AI assistant for [Orchard]. I can't answer that — ask Jake.' Both people laugh.","Try to break it. (playful)","Then you're going to stress-test it — try to break it with tricky questions —","Two people at adjacent workshop tables, one typing a challenging question into the other's AI agent on screen, 'Are you human?' visible on screen, both laughing at the agent's response, authentic workshop energy"
V5,Build It in 60 Breakout Intro,6/10+ builders / early adopters / makers,EN,6,0:38–0:45,"Close-up: an agent's 'system prompt' open. Two lines being added: 'Never quote prices. Always escalate refund requests to a human.' The hands type this and save it.","Two lines. Toy → tool.","— and add the two lines that turn it from a toy into a tool.","Close-up of an AI system prompt interface being edited, two new lines being typed: a restriction and an escalation rule, a focused hand on the keyboard, clean UI on dark background"
V5,Build It in 60 Breakout Intro,6/10+ builders / early adopters / makers,EN,7,0:45–0:53,"A README file opens. Three section headers appear: WHAT IT DOES / WHAT IT WON'T DO / HOW TO ESCALATE. A cursor fills in each section.","Policy ships with the agent.","Here's the thing: when you ship an agent, you ship its policy. What it will do. What it won't. Who's responsible. You're going to write that today too. Because that's what ships clean.","A code editor or simple text file showing a README with three clear sections: What It Does, What It Won't Do, How To Escalate — being filled in with concise text, clean code aesthetic, dark background"
V5,Build It in 60 Breakout Intro,6/10+ builders / early adopters / makers,EN,8,0:53–1:00,"Quick split — a corporate 'AI governance team' (suited, conference room) vs. an NCW small business owner at a single table, same README open. Arrow: 'Same principle. 50 min.'","Seven figures → 50 minutes.","Big enterprises pay seven figures for this. You're going to do it in fifty minutes. Same principle. Smaller scale. Real output.","Split image: left side shows a formal corporate AI governance meeting in a glass conference room, right side shows a casual individual at a laptop at a folding table with the same type of document, an arrow connecting them labeled 'Same principle'"
V5,Build It in 60 Breakout Intro,6/10+ builders / early adopters / makers,EN,9,1:00–1:06,"Someone's agent answers a question in Spanish — their orchard crew can use it. Real community context.",(none),(music only),"A phone screen showing an AI agent responding to a question in Spanish about orchard operations, a worker's hands holding the phone outside near apple trees, golden hour light"
V5,Build It in 60 Breakout Intro,6/10+ builders / early adopters / makers,EN,10,1:06–1:13,"Room C door — small, powerful. Power strips visible through the glass. Laptops already open at tables. A 'Wi-Fi tested: ✓' sign on the door, handwritten.","ROOM C (bold) · Power strip at every seat. · Wi-Fi tested yesterday.","Room C. Now. Power strip at every seat. Wi-Fi tested yesterday.","A convention center small breakout room door with a handwritten 'Wi-Fi Tested ✓' sign, visible power strips and open laptops inside, the room looks ready and purposeful"
V5,Build It in 60 Breakout Intro,6/10+ builders / early adopters / makers,EN,11,1:13–1:21,"A person standing, ready to walk into the room. They pull out their phone. One idea in their head — visible in their expression. They go in.",(none),"Bring an idea. Ship a thing.","A person at a convention center hallway, standing up from a chair, phone in hand, a determined and slightly excited expression, about to walk into a breakout room, warm ambient light"
V5,Build It in 60 Breakout Intro,6/10+ builders / early adopters / makers,EN,12,1:21–1:30,"Final Card. Dark midnight-green background. Build It in 60 title. Room/time/URL. QR code. A small 'Submit to the Showdown →' line at the bottom.","BUILD IT IN 60 · Room C · 9:00 AM & 10:15 AM · Bring an idea. Ship a thing. · ncwtech.org/ai-camp",(fast clean music landing — punchy resolved),"Clean title card on dark midnight-green background, bold clean white typography, small 'Submit to the Showdown' line, QR code, professional and energized event branding"
V5,Build It in 60 Breakout Intro,6/10+ builders / early adopters / makers,ES,1,0:00–0:07,"Una persona (fines de 20s-30s, afín a tecnología pero no corporativa) con una interfaz de chat de IA a medias en su laptop. Empezó algo. La mira.",(none),"Ya sabes que las herramientas existen. Ya le has pedido cosas a la IA alguna vez. Te has preguntado: ¿puedo construir algo de verdad con esto?","A person in their late 20s or early 30s at a laptop in a casual workspace, a half-built AI chat interface on screen, thoughtful expression, slightly stuck but not defeated, warm ambient light"
V5,Build It in 60 Breakout Intro,6/10+ builders / early adopters / makers,ES,2,0:07–0:11,"Corte: misma persona — mismo cuarto — pero ahora teclea rápido, enfocada, iluminada. La pantalla muestra algo terminado.","Sí. Y lo vas a hacer ahorita. (negritas rápidas)","Sí. Y lo vas a hacer ahorita.","Same person now typing energetically on their laptop, an AI interface on screen showing a completed and working product, lit-up and focused expression, warm light, same setting"
V5,Build It in 60 Breakout Intro,6/10+ builders / early adopters / makers,ES,3,0:11–0:22,"Demo terminada: 'Orchard Helper' Gemini Gem en pantalla. Pregunta: '¿Cuál es nuestro protocolo de rociado frío por debajo de -2°C?' Respuesta perfecta, con la voz de la empresa.","Tus archivos. Tu voz. Tu agente.","En la próxima hora vas a construir un agente de IA personalizado para tu negocio o salón de clases real — uno que conoce tus archivos, responde con tu voz, y dice exactamente lo correcto.","A finished Gemini Gem AI agent interface on screen labeled 'Orchard Helper,' answering a specific operational question with a perfect branded response, a person reading it and nodding with approval, warm light"
V5,Build It in 60 Breakout Intro,6/10+ builders / early adopters / makers,ES,4,0:22–0:30,"Interfaz de Lovable o Bolt: se escribe un prompt: 'Construye un sitio de una página donde los clientes puedan hacer preguntas a [Nombre del negocio]. Estilo verde y blanco.' Un sitio web se genera en vivo.","Escribe. Genera. Listo.","Luego lo vas a someter a prueba — vas a intentar romperlo con preguntas difíciles — y vas a agregar las dos líneas que lo convierten de juguete en herramienta.","A Lovable or Bolt website builder interface with a simple natural language prompt being typed, a webpage design generating in real-time below the prompt, excitement and motion, clean UI"
V5,Build It in 60 Breakout Intro,6/10+ builders / early adopters / makers,ES,5,0:30–0:38,"Dos personas en mesas adyacentes — una intenta romper el agente de la otra. Pantalla visible: '¿Eres humano?' El agente responde: 'Soy un asistente de IA para [Orchard]. Para preguntas personales, habla con Juan.' Ambas ríen.","Intenta romperlo. (juguetón)","Luego lo vas a someter a prueba — vas a intentar romperlo con preguntas difíciles —","Two people at adjacent workshop tables, one typing a challenging question into the other's AI agent on screen, 'Are you human?' visible on screen, both laughing at the agent's response, authentic workshop energy"
V5,Build It in 60 Breakout Intro,6/10+ builders / early adopters / makers,ES,6,0:38–0:45,"Primer plano: el 'prompt del sistema' de un agente abierto. Dos líneas que se agregan: 'Nunca cotices precios. Siempre escala solicitudes de devolución a un humano.' Las manos escriben y guardan.","Dos líneas. Juguete → herramienta.","— y vas a agregar las dos líneas que lo convierten de juguete en herramienta.","Close-up of an AI system prompt interface being edited, two new lines being typed: a restriction and an escalation rule, a focused hand on the keyboard, clean UI on dark background"
V5,Build It in 60 Breakout Intro,6/10+ builders / early adopters / makers,ES,7,0:45–0:53,"Un archivo README se abre. Tres encabezados aparecen: QUÉ HACE / QUÉ NO HACE / CÓMO ESCALAR. Un cursor llena cada sección.","La política sale con el agente.","Esto es lo que hay: cuando mandas un agente al mundo, mandas también su política. Qué va a hacer. Qué no va a hacer. Quién es responsable. Eso también lo vas a escribir hoy. Porque así es como se entrega algo bien hecho.","A code editor or simple text file showing a README with three clear sections: What It Does, What It Won't Do, How To Escalate — being filled in with concise text, clean code aesthetic, dark background"
V5,Build It in 60 Breakout Intro,6/10+ builders / early adopters / makers,ES,8,0:53–1:00,"División rápida — un 'equipo de gobernanza de IA' corporativo (trajes, sala de reuniones) vs. un dueño de negocio de NCW en una mesa sola, el mismo README abierto. Flecha: 'El mismo principio. 50 min.'","Fortunas → 50 minutos.","Las grandes empresas pagan fortunas por esto. Tú lo vas a hacer en cincuenta minutos. El mismo principio. Escala más pequeña. Resultado real.","Split image: left side shows a formal corporate AI governance meeting in a glass conference room, right side shows a casual individual at a laptop at a folding table with the same type of document, an arrow connecting them labeled 'El mismo principio'"
V5,Build It in 60 Breakout Intro,6/10+ builders / early adopters / makers,ES,9,1:00–1:06,"El agente de alguien responde una pregunta en español — su cuadrilla del huerto puede usarlo. Contexto real de la comunidad.",(none),(música),"A phone screen showing an AI agent responding to a question in Spanish about orchard operations, a worker's hands holding the phone outside near apple trees, golden hour light"
V5,Build It in 60 Breakout Intro,6/10+ builders / early adopters / makers,ES,10,1:06–1:13,"La puerta del Salón C — pequeña, potente. Clavijas de corriente visibles a través del vidrio. Laptops abiertas en las mesas. Un letrero: 'Wi-Fi probado: ✓', escrito a mano.","SALÓN C (negritas) · Clavija de luz en cada lugar. · Wi-Fi probado ayer.","Salón C. Ahorita. Clavija de luz en cada lugar. Wi-Fi probado ayer.","A convention center small breakout room door with a handwritten 'Wi-Fi Tested ✓' sign, visible power strips and open laptops inside, the room looks ready and purposeful"
V5,Build It in 60 Breakout Intro,6/10+ builders / early adopters / makers,ES,11,1:13–1:21,"Una persona de pie, lista para entrar al salón. Saca su teléfono. Una idea en la cabeza — visible en su expresión. Entra.",(none),"Trae una idea. Entrega algo.","A person at a convention center hallway, standing up from a chair, phone in hand, a determined and slightly excited expression, about to walk into a breakout room, warm ambient light"
V5,Build It in 60 Breakout Intro,6/10+ builders / early adopters / makers,ES,12,1:21–1:30,"Tarjeta final. Fondo verde medianoche oscuro. Título Build It in 60. Salón/hora/URL. Código QR. Línea pequeña: 'Mándalo al Showdown →'","BUILD IT IN 60 · Salón C · 9:00 AM & 10:15 AM · Trae una idea. Entrega algo. · ncwtech.org/ai-camp",(música rápida y limpia de cierre),"Clean title card on dark midnight-green background, bold clean white typography, small 'Submit to the Showdown' line, QR code, professional and energized event branding"
